"ptp","page_index","viewing_time","test_part"
"sub_001",0,4403.59999999963,"instructions1"
"sub_001",1,9711.70000000019,"instructions1"
"sub_001",2,2399.89999999944,"instructions1"
"sub_001",3,3823.80000000075,"instructions1"
"sub_001",4,3694.79999999981,"instructions1"
"sub_001",5,2177.29999999981,"instructions1"
"sub_001",6,2632.09999999963,"instructions1"
"sub_001",0,4445.70000000019,"instructions2"
"sub_001",1,6616.09999999963,"instructions2"
"sub_001",2,2383.90000000037,"instructions2"
"sub_001",3,2073.59999999963,"instructions2"
"sub_002",0,4785,"instructions1"
"sub_002",1,25249.7000000001,"instructions1"
"sub_002",2,6225.09999999998,"instructions1"
"sub_002",3,4856.40000000002,"instructions1"
"sub_002",4,12074.3999999999,"instructions1"
"sub_002",5,8265.40000000002,"instructions1"
"sub_002",6,5994.59999999998,"instructions1"
"sub_002",0,8329,"instructions2"
"sub_002",1,41092.7999999999,"instructions2"
"sub_002",2,13310.7000000001,"instructions2"
"sub_002",3,3985.59999999998,"instructions2"
"sub_003",0,54737,"instructions1"
"sub_003",1,129148.699999988,"instructions1"
"sub_003",2,9334.80000001192,"instructions1"
"sub_003",3,3407.5,"instructions1"
"sub_003",4,9030.69999998808,"instructions1"
"sub_003",5,4710.90000000596,"instructions1"
"sub_003",6,3590.30000001192,"instructions1"
"sub_003",0,168339,"instructions2"
"sub_003",1,6435.90000000596,"instructions2"
"sub_003",2,6456.19999998808,"instructions2"
"sub_003",3,2114.10000002384,"instructions2"
"sub_004",0,7465,"instructions1"
"sub_004",1,47543.1000001431,"instructions1"
"sub_004",2,8146.09999990463,"instructions1"
"sub_004",3,4284.40000009537,"instructions1"
"sub_004",4,6994.5,"instructions1"
"sub_004",5,9622.5,"instructions1"
"sub_004",6,5828.39999985695,"instructions1"
"sub_004",0,7441.40000009537,"instructions2"
"sub_004",1,13086.4000000954,"instructions2"
"sub_004",2,6124.29999995232,"instructions2"
"sub_004",3,2798.09999990463,"instructions2"
"sub_005",0,27585.1999999881,"instructions1"
"sub_005",1,89375.5,"instructions1"
"sub_005",2,13580.5,"instructions1"
"sub_005",3,13405.9000000358,"instructions1"
"sub_005",4,29194.5,"instructions1"
"sub_005",5,11130,"instructions1"
"sub_005",6,47459.6999999881,"instructions1"
"sub_005",0,2353,"instructions1"
"sub_005",1,4040.80000001192,"instructions1"
"sub_005",2,2082.80000001192,"instructions1"
"sub_005",3,1456.69999998808,"instructions1"
"sub_005",4,4233.90000003576,"instructions1"
"sub_005",5,945.799999952316,"instructions1"
"sub_005",6,2577.5,"instructions1"
"sub_005",0,23847.9000000358,"instructions2"
"sub_005",1,54010.2999999523,"instructions2"
"sub_005",2,24396.8000000119,"instructions2"
"sub_005",3,17952.6000000238,"instructions2"
"sub_006",0,9747.19999992847,"instructions1"
"sub_006",1,16921.9000000954,"instructions1"
"sub_006",2,21992.1999999285,"instructions1"
"sub_006",3,29272.1000000238,"instructions1"
"sub_006",4,9742,"instructions1"
"sub_006",5,9671.89999997616,"instructions1"
"sub_006",6,6832.20000004768,"instructions1"
"sub_006",0,11693.2999999523,"instructions2"
"sub_006",1,17201.8999999762,"instructions2"
"sub_006",2,17952.1000000238,"instructions2"
"sub_006",3,11752,"instructions2"
"sub_007",0,10347,"instructions1"
"sub_007",1,18140.7000000477,"instructions1"
"sub_007",2,6502.5,"instructions1"
"sub_007",3,5684.40000009537,"instructions1"
"sub_007",2,3605.89999985695,"instructions1"
"sub_007",3,2030.29999995232,"instructions1"
"sub_007",4,7412.20000004768,"instructions1"
"sub_007",5,7738.20000004768,"instructions1"
"sub_007",6,6746.40000009537,"instructions1"
"sub_007",0,4682,"instructions1"
"sub_007",1,16070.5,"instructions1"
"sub_007",2,4721.40000009537,"instructions1"
"sub_007",3,3147.89999985695,"instructions1"
"sub_007",4,4890.5,"instructions1"
"sub_007",5,3377.79999995232,"instructions1"
"sub_007",6,1335.80000019073,"instructions1"
"sub_007",0,9733.10000014305,"instructions2"
"sub_007",1,24200.8999998569,"instructions2"
"sub_007",2,6965.90000009537,"instructions2"
"sub_007",3,4068.29999995232,"instructions2"
"sub_008",0,26198.3999999985,"instructions1"
"sub_008",1,45037,"instructions1"
"sub_008",2,18524.5,"instructions1"
"sub_008",3,14010.5,"instructions1"
"sub_008",4,23563,"instructions1"
"sub_008",5,18604.1000000015,"instructions1"
"sub_008",6,26191.299999997,"instructions1"
"sub_008",0,23999.6999999955,"instructions2"
"sub_008",1,32755.3000000045,"instructions2"
"sub_008",2,13830.8999999985,"instructions2"
"sub_008",3,30550.1999999955,"instructions2"
"sub_009",0,115815.4,"instructions1"
"sub_009",1,19863,"instructions1"
"sub_009",2,5504.60000000003,"instructions1"
"sub_009",3,3008.69999999995,"instructions1"
"sub_009",4,5941,"instructions1"
"sub_009",5,3890.80000000005,"instructions1"
"sub_009",6,3728,"instructions1"
"sub_009",0,1745.79999999999,"instructions1"
"sub_009",1,3256.10000000003,"instructions1"
"sub_009",2,720.299999999988,"instructions1"
"sub_009",3,999.700000000012,"instructions1"
"sub_009",4,920,"instructions1"
"sub_009",5,799.900000000023,"instructions1"
"sub_009",6,2608,"instructions1"
"sub_009",0,12269.2,"instructions2"
"sub_009",1,27511.4,"instructions2"
"sub_009",2,9759.90000000002,"instructions2"
"sub_009",3,8712,"instructions2"
"sub_010",0,6390.90000000037,"instructions1"
"sub_010",1,17874.8999999994,"instructions1"
"sub_010",2,7811,"instructions1"
"sub_010",3,4365.10000000056,"instructions1"
"sub_010",4,5847,"instructions1"
"sub_010",5,4643.89999999944,"instructions1"
"sub_010",6,6298.90000000037,"instructions1"
"sub_010",0,1024.29999999981,"instructions1"
"sub_010",1,16201.9000000004,"instructions1"
"sub_010",2,3245,"instructions1"
"sub_010",3,991.099999999627,"instructions1"
"sub_010",4,733.900000000373,"instructions1"
"sub_010",5,4045.29999999981,"instructions1"
"sub_010",6,1125.89999999944,"instructions1"
"sub_010",0,11337.1999999993,"instructions2"
"sub_010",1,15233.6000000006,"instructions2"
"sub_010",2,11211.0999999996,"instructions2"
"sub_010",1,1258.90000000037,"instructions2"
"sub_010",2,900,"instructions2"
"sub_010",1,578,"instructions2"
"sub_010",2,574.099999999627,"instructions2"
"sub_010",1,533.100000000559,"instructions2"
"sub_010",2,496.699999999255,"instructions2"
"sub_010",1,467.100000000559,"instructions2"
"sub_010",2,578,"instructions2"
"sub_010",1,564,"instructions2"
"sub_010",2,3029,"instructions2"
"sub_010",1,1493.89999999944,"instructions2"
"sub_010",2,570.100000000559,"instructions2"
"sub_010",1,713.099999999627,"instructions2"
"sub_010",2,1657.79999999981,"instructions2"
"sub_010",1,463.200000000186,"instructions2"
"sub_010",2,528.799999999814,"instructions2"
"sub_010",1,480.100000000559,"instructions2"
"sub_010",2,528.899999999441,"instructions2"
"sub_010",1,527.100000000559,"instructions2"
"sub_010",2,6307.89999999944,"instructions2"
"sub_010",3,7255,"instructions2"
"sub_011",0,1613.30000019073,"instructions1"
"sub_011",1,17399.2999992371,"instructions1"
"sub_011",2,3718.10000038147,"instructions1"
"sub_011",3,1982.60000038147,"instructions1"
"sub_011",4,3017.79999923706,"instructions1"
"sub_011",5,1981.5,"instructions1"
"sub_011",6,8331.80000019073,"instructions1"
"sub_011",0,2047.30000019073,"instructions2"
"sub_011",1,7913.0999994278,"instructions2"
"sub_011",2,1667.4000005722,"instructions2"
"sub_011",3,969.599999427795,"instructions2"
"sub_012",0,8961.70000004768,"instructions1"
"sub_012",1,27094.5,"instructions1"
"sub_012",2,5502.89999997616,"instructions1"
"sub_012",3,5314.30000001192,"instructions1"
"sub_012",4,9754.30000001192,"instructions1"
"sub_012",5,6994.29999995232,"instructions1"
"sub_012",6,16668.5,"instructions1"
"sub_012",0,32616.5999999642,"instructions2"
"sub_012",1,24623.1000000238,"instructions2"
"sub_012",2,42219.3000000119,"instructions2"
"sub_012",3,16150.1999999881,"instructions2"
"sub_013",0,6285.09999999776,"instructions1"
"sub_013",1,14247.6000000015,"instructions1"
"sub_013",2,3880,"instructions1"
"sub_013",3,4575.89999999851,"instructions1"
"sub_013",4,6784.30000000075,"instructions1"
"sub_013",5,3175.69999999925,"instructions1"
"sub_013",6,2264.20000000298,"instructions1"
"sub_013",0,5467.69999999925,"instructions2"
"sub_013",1,6007.89999999851,"instructions2"
"sub_013",2,1504,"instructions2"
"sub_013",3,1207.80000000075,"instructions2"
"sub_014",0,55512,"instructions1"
"sub_014",1,27008.1000000238,"instructions1"
"sub_014",2,11357.8000000119,"instructions1"
"sub_014",3,7471.5,"instructions1"
"sub_014",4,10210,"instructions1"
"sub_014",5,8586.69999998808,"instructions1"
"sub_014",6,7380.5,"instructions1"
"sub_014",0,10625.1000000238,"instructions2"
"sub_014",1,18212.1999999881,"instructions2"
"sub_014",2,5686.30000001192,"instructions2"
"sub_014",3,17130.5,"instructions2"
"sub_015",0,68462.6000000015,"instructions1"
"sub_015",1,20732,"instructions1"
"sub_015",2,5162.39999999851,"instructions1"
"sub_015",3,4654.19999999925,"instructions1"
"sub_015",4,5607.10000000149,"instructions1"
"sub_015",5,7606.89999999851,"instructions1"
"sub_015",6,5132.10000000149,"instructions1"
"sub_015",0,7673.10000000149,"instructions2"
"sub_015",1,20089.5999999978,"instructions2"
"sub_015",2,3730.19999999925,"instructions2"
"sub_015",3,8215.30000000075,"instructions2"
"sub_016",0,37726.1999999285,"instructions1"
"sub_016",1,17176.8000000715,"instructions1"
"sub_016",2,4245.39999997616,"instructions1"
"sub_016",3,3133.79999995232,"instructions1"
"sub_016",4,4359.10000002384,"instructions1"
"sub_016",5,2765.79999995232,"instructions1"
"sub_016",6,4530.20000004768,"instructions1"
"sub_016",0,7775.5,"instructions2"
"sub_016",1,17673.1000000238,"instructions2"
"sub_016",2,8055.89999997616,"instructions2"
"sub_016",3,6878.10000002384,"instructions2"
"sub_017",0,7786.5,"instructions1"
"sub_017",1,27765.6000000238,"instructions1"
"sub_017",2,11779.7999999821,"instructions1"
"sub_017",3,3183.70000001788,"instructions1"
"sub_017",2,3986.79999998212,"instructions1"
"sub_017",3,2551.80000001192,"instructions1"
"sub_017",4,6862.59999999404,"instructions1"
"sub_017",5,9844.80000001192,"instructions1"
"sub_017",6,7759.79999998212,"instructions1"
"sub_017",0,20230.7000000179,"instructions2"
"sub_017",1,11147.099999994,"instructions2"
"sub_017",2,8490.90000000596,"instructions2"
"sub_017",1,7227.69999998808,"instructions2"
"sub_017",2,3897.20000001788,"instructions2"
"sub_017",1,1549,"instructions2"
"sub_017",2,5887.69999998808,"instructions2"
"sub_017",3,3431.40000000596,"instructions2"
"sub_018",0,9930.5,"instructions1"
"sub_018",1,18176.3999999911,"instructions1"
"sub_018",2,4882.70000000298,"instructions1"
"sub_018",3,4816,"instructions1"
"sub_018",4,6262.70000000298,"instructions1"
"sub_018",5,4441.90000000596,"instructions1"
"sub_018",6,6466.29999999702,"instructions1"
"sub_018",0,10122.3999999911,"instructions2"
"sub_018",1,20522.3000000119,"instructions2"
"sub_018",2,5879.59999999404,"instructions2"
"sub_018",3,4123.20000000298,"instructions2"
"sub_019",0,9834.5,"instructions1"
"sub_019",1,84958.6000001431,"instructions1"
"sub_019",2,8379.70000004768,"instructions1"
"sub_019",3,3022.09999990463,"instructions1"
"sub_019",4,4329.40000009537,"instructions1"
"sub_019",5,6762.5,"instructions1"
"sub_019",6,64482.1999998093,"instructions1"
"sub_019",0,89282.8999998569,"instructions2"
"sub_019",1,69445.5,"instructions2"
"sub_019",2,17987.2000000477,"instructions2"
"sub_019",3,7181.40000009537,"instructions2"
"sub_020",0,22827.3,"instructions1"
"sub_020",1,11839.7999999999,"instructions1"
"sub_020",2,5351.90000000002,"instructions1"
"sub_020",3,4757.59999999998,"instructions1"
"sub_020",4,5706.70000000007,"instructions1"
"sub_020",5,11656.8999999999,"instructions1"
"sub_020",6,18242.1000000001,"instructions1"
"sub_020",0,5976.40000000002,"instructions2"
"sub_020",1,7059.79999999993,"instructions2"
"sub_020",2,6380.80000000005,"instructions2"
"sub_020",3,3908.40000000002,"instructions2"
"sub_021",0,4738.70000004768,"instructions1"
"sub_021",1,16074.5,"instructions1"
"sub_021",2,7234.59999990463,"instructions1"
"sub_021",3,4562.70000004768,"instructions1"
"sub_021",4,5844.40000009537,"instructions1"
"sub_021",5,7502.79999995232,"instructions1"
"sub_021",6,12821.5,"instructions1"
"sub_021",0,9673.79999995232,"instructions2"
"sub_021",1,16022.5,"instructions2"
"sub_021",2,11133.8999998569,"instructions2"
"sub_021",3,7429.10000014305,"instructions2"
"sub_022",0,19893,"instructions1"
"sub_022",1,51855.5,"instructions1"
"sub_022",2,10288,"instructions1"
"sub_022",3,4016.09999999404,"instructions1"
"sub_022",4,5664,"instructions1"
"sub_022",5,32864.1000000089,"instructions1"
"sub_022",6,8911.79999999702,"instructions1"
"sub_022",0,15439.900000006,"instructions2"
"sub_022",1,19575.700000003,"instructions2"
"sub_022",2,8471.79999999702,"instructions2"
"sub_022",3,4479.90000000596,"instructions2"
"sub_023",0,6210.40000009537,"instructions1"
"sub_023",1,48855.1999998093,"instructions1"
"sub_023",2,11272.5999999046,"instructions1"
"sub_023",3,7080.2000002861,"instructions1"
"sub_023",4,7506.69999980927,"instructions1"
"sub_023",5,7515.90000009537,"instructions1"
"sub_023",6,5178.7999997139,"instructions1"
"sub_023",0,7267.30000019073,"instructions2"
"sub_023",1,27157.2999997139,"instructions2"
"sub_023",2,2643.7000002861,"instructions2"
"sub_023",3,32857.4000000954,"instructions2"
"sub_024",0,18044.6999999285,"instructions1"
"sub_024",1,27263.2000000477,"instructions1"
"sub_024",2,10511.7999999523,"instructions1"
"sub_024",3,6592.10000002384,"instructions1"
"sub_024",4,11984,"instructions1"
"sub_024",5,10184.1000000238,"instructions1"
"sub_024",6,6423.79999995232,"instructions1"
"sub_024",0,15037.2000000477,"instructions2"
"sub_024",1,7583.10000002384,"instructions2"
"sub_024",2,10127.6000000238,"instructions2"
"sub_024",3,1423.89999997616,"instructions2"
"sub_025",0,13932.8000000045,"instructions1"
"sub_025",1,13579,"instructions1"
"sub_025",2,6401,"instructions1"
"sub_025",3,4798.5,"instructions1"
"sub_025",4,6646.79999999702,"instructions1"
"sub_025",5,9312.70000000298,"instructions1"
"sub_025",6,14496.099999994,"instructions1"
"sub_025",0,8192.79999999702,"instructions2"
"sub_025",1,6197.89999999851,"instructions2"
"sub_025",2,5846.39999999851,"instructions2"
"sub_025",3,2193.5,"instructions2"
"sub_026",0,3835.39999999106,"instructions1"
"sub_026",1,59276.799999997,"instructions1"
"sub_026",2,8792.30000001192,"instructions1"
"sub_026",3,5880.09999999404,"instructions1"
"sub_026",4,34753.599999994,"instructions1"
"sub_026",5,8397.80000001192,"instructions1"
"sub_026",6,17993.1999999881,"instructions1"
"sub_026",0,1409.89999999106,"instructions2"
"sub_026",1,11842,"instructions2"
"sub_026",2,14539.5,"instructions2"
"sub_026",3,2012.90000000596,"instructions2"
"sub_027",0,3944.60000002384,"instructions1"
"sub_027",1,21649.6999999881,"instructions1"
"sub_027",2,19327.1999999881,"instructions1"
"sub_027",3,4923.80000001192,"instructions1"
"sub_027",4,9379.5,"instructions1"
"sub_027",5,7675.5,"instructions1"
"sub_027",6,8771.30000001192,"instructions1"
"sub_027",0,13470.7000000477,"instructions2"
"sub_027",1,23553.1999999881,"instructions2"
"sub_027",2,21264,"instructions2"
"sub_027",3,10630.0999999642,"instructions2"
"sub_028",0,18312.599999994,"instructions1"
"sub_028",1,36310.5,"instructions1"
"sub_028",2,9888.5,"instructions1"
"sub_028",3,5358.90000000596,"instructions1"
"sub_028",4,5144.09999999404,"instructions1"
"sub_028",5,7580.90000000596,"instructions1"
"sub_028",6,15845.599999994,"instructions1"
"sub_028",0,3189.69999998808,"instructions1"
"sub_028",1,39607.5,"instructions1"
"sub_028",2,3480.60000000894,"instructions1"
"sub_028",3,3599.79999999702,"instructions1"
"sub_028",4,3464,"instructions1"
"sub_028",5,4897.79999999702,"instructions1"
"sub_028",4,5485.90000000596,"instructions1"
"sub_028",5,1377.5,"instructions1"
"sub_028",6,2558.89999999106,"instructions1"
"sub_028",0,14331.900000006,"instructions2"
"sub_028",1,27215.700000003,"instructions2"
"sub_028",2,11159.8999999911,"instructions2"
"sub_028",3,2078.90000000596,"instructions2"
"sub_029",0,110325.699999928,"instructions1"
"sub_029",1,25793.8000000715,"instructions1"
"sub_029",2,10166.0999999046,"instructions1"
"sub_029",3,5693.5,"instructions1"
"sub_029",4,5636.10000002384,"instructions1"
"sub_029",5,4690,"instructions1"
"sub_029",6,20392.7000000477,"instructions1"
"sub_029",0,13198.6999999285,"instructions2"
"sub_029",1,28312.2000000477,"instructions2"
"sub_029",2,19989.2000000477,"instructions2"
"sub_029",3,12653,"instructions2"
"sub_030",0,21703.2000000477,"instructions1"
"sub_030",1,27465.2999999523,"instructions1"
"sub_030",2,9139.09999990463,"instructions1"
"sub_030",3,5797.70000004768,"instructions1"
"sub_030",4,9303.5,"instructions1"
"sub_030",5,6685.40000009537,"instructions1"
"sub_030",6,6680.69999980927,"instructions1"
"sub_030",0,15152.5,"instructions2"
"sub_030",1,14637.1000001431,"instructions2"
"sub_030",2,11837.2999999523,"instructions2"
"sub_030",3,20222.2999999523,"instructions2"
"sub_031",0,13353.5,"instructions1"
"sub_031",1,16003.3000001907,"instructions1"
"sub_031",2,7523.7999997139,"instructions1"
"sub_031",3,2344.7000002861,"instructions1"
"sub_031",2,2124.09999990463,"instructions1"
"sub_031",3,4471.7999997139,"instructions1"
"sub_031",4,6208.5,"instructions1"
"sub_031",5,7475.80000019073,"instructions1"
"sub_031",6,4788,"instructions1"
"sub_031",0,9709.10000038147,"instructions2"
"sub_031",1,9180.19999980927,"instructions2"
"sub_031",2,7219.59999990463,"instructions2"
"sub_031",3,40864.0999999046,"instructions2"
"sub_032",0,20046.2,"instructions1"
"sub_032",1,19604.2,"instructions1"
"sub_032",2,7091.10000000009,"instructions1"
"sub_032",3,5089.80000000005,"instructions1"
"sub_032",4,7919,"instructions1"
"sub_032",5,10025.5,"instructions1"
"sub_032",6,9767.59999999986,"instructions1"
"sub_032",0,12955.6000000001,"instructions2"
"sub_032",1,22145.5,"instructions2"
"sub_032",2,16485.8999999999,"instructions2"
"sub_032",3,5266.40000000014,"instructions2"
"sub_033",0,1550,"instructions1"
"sub_033",1,11470.7000000477,"instructions1"
"sub_033",2,2935,"instructions1"
"sub_033",3,1666.29999995232,"instructions1"
"sub_033",4,2517.60000014305,"instructions1"
"sub_033",5,3017.69999980927,"instructions1"
"sub_033",6,3367.70000004768,"instructions1"
"sub_033",0,2876,"instructions2"
"sub_033",1,4651.39999985695,"instructions2"
"sub_033",2,9453.10000014305,"instructions2"
"sub_033",3,2867.59999990463,"instructions2"
"sub_034",0,14672,"instructions1"
"sub_034",1,19303,"instructions1"
"sub_034",2,5774,"instructions1"
"sub_034",3,4223,"instructions1"
"sub_034",4,8678,"instructions1"
"sub_034",5,5100,"instructions1"
"sub_034",6,9096,"instructions1"
"sub_034",0,975,"instructions1"
"sub_034",1,2450,"instructions1"
"sub_034",2,792,"instructions1"
"sub_034",3,1007,"instructions1"
"sub_034",4,604,"instructions1"
"sub_034",5,487,"instructions1"
"sub_034",6,545,"instructions1"
"sub_034",0,5009,"instructions2"
"sub_034",1,5859,"instructions2"
"sub_034",2,2636,"instructions2"
"sub_034",3,4353,"instructions2"
"sub_035",0,14849.8999996185,"instructions1"
"sub_035",1,22871.7000002861,"instructions1"
"sub_035",2,10075.5,"instructions1"
"sub_035",3,4782.40000009537,"instructions1"
"sub_035",4,6791.59999990463,"instructions1"
"sub_035",5,10590.2999997139,"instructions1"
"sub_035",6,11184,"instructions1"
"sub_035",0,17327.9000000954,"instructions2"
"sub_035",1,25473,"instructions2"
"sub_035",2,30544.5999999046,"instructions2"
"sub_035",3,4096.5,"instructions2"
"sub_036",0,122532.400000006,"instructions1"
"sub_036",1,31916,"instructions1"
"sub_036",2,14971,"instructions1"
"sub_036",3,7767.09999999404,"instructions1"
"sub_036",4,8739.19999998808,"instructions1"
"sub_036",5,41015.2000000179,"instructions1"
"sub_036",6,20978.400000006,"instructions1"
"sub_036",0,20424.3000000119,"instructions2"
"sub_036",1,7364.30000001192,"instructions2"
"sub_036",2,6963.29999998212,"instructions2"
"sub_036",3,5419.5,"instructions2"
"sub_037",0,13126.3999999911,"instructions1"
"sub_037",1,20159.3000000119,"instructions1"
"sub_037",2,8587.69999998808,"instructions1"
"sub_037",3,4900.40000000596,"instructions1"
"sub_037",4,4987,"instructions1"
"sub_037",5,5346.5,"instructions1"
"sub_037",6,3465.20000000298,"instructions1"
"sub_037",0,15059.6999999881,"instructions2"
"sub_037",1,11487.3000000119,"instructions2"
"sub_037",2,10647,"instructions2"
"sub_037",3,8419.69999998808,"instructions2"
"sub_038",0,19030.8000000119,"instructions1"
"sub_038",1,46771.5,"instructions1"
"sub_038",2,3006,"instructions1"
"sub_038",3,2304.59999999404,"instructions1"
"sub_038",4,3700,"instructions1"
"sub_038",5,3542,"instructions1"
"sub_038",6,1906.30000001192,"instructions1"
"sub_038",0,7476.40000000596,"instructions2"
"sub_038",1,10135.900000006,"instructions2"
"sub_038",2,4570.59999999404,"instructions2"
"sub_038",3,3213,"instructions2"
"sub_039",0,3491,"instructions1"
"sub_039",1,75279.7000002861,"instructions1"
"sub_039",2,21624.2999997139,"instructions1"
"sub_039",3,6439.60000038147,"instructions1"
"sub_039",4,7639.7999997139,"instructions1"
"sub_039",5,13048.0999999046,"instructions1"
"sub_039",6,32616.3000001907,"instructions1"
"sub_039",0,1578.59999990463,"instructions1"
"sub_039",1,11624.5,"instructions1"
"sub_039",2,5366.59999990463,"instructions1"
"sub_039",3,2264.5,"instructions1"
"sub_039",4,3087.90000009537,"instructions1"
"sub_039",5,5040,"instructions1"
"sub_039",6,1752.09999990463,"instructions1"
"sub_039",0,10717.7999997139,"instructions2"
"sub_039",1,22183.6000003815,"instructions2"
"sub_039",2,10415.5,"instructions2"
"sub_039",3,7695.89999961853,"instructions2"
"sub_040",0,59667.5,"instructions1"
"sub_040",1,33919.8000000003,"instructions1"
"sub_040",2,36391.8999999999,"instructions1"
"sub_040",3,4800,"instructions1"
"sub_040",4,6480.20000000019,"instructions1"
"sub_040",5,13551.8999999999,"instructions1"
"sub_040",6,7336.10000000009,"instructions1"
"sub_040",0,49887.7999999998,"instructions2"
"sub_040",1,45487.8000000003,"instructions2"
"sub_040",2,135615.9,"instructions2"
"sub_040",3,4136.10000000009,"instructions2"
"sub_041",0,12651.1000001431,"instructions1"
"sub_041",1,13864.5999999046,"instructions1"
"sub_041",2,6513,"instructions1"
"sub_041",3,4431.29999995232,"instructions1"
"sub_041",4,6648.30000019073,"instructions1"
"sub_041",5,5680.79999995232,"instructions1"
"sub_041",6,4207.89999985695,"instructions1"
"sub_041",0,2053.40000009537,"instructions1"
"sub_041",1,5824.09999990463,"instructions1"
"sub_041",2,2616.70000004768,"instructions1"
"sub_041",3,2111.79999995232,"instructions1"
"sub_041",4,1167.70000004768,"instructions1"
"sub_041",5,1039.79999995232,"instructions1"
"sub_041",6,2368,"instructions1"
"sub_041",0,20815.1000001431,"instructions2"
"sub_041",1,14840.3999998569,"instructions2"
"sub_041",2,7079.10000014305,"instructions2"
"sub_041",3,9168.39999985695,"instructions2"
"sub_042",0,19824,"instructions1"
"sub_042",1,20982,"instructions1"
"sub_042",2,10295,"instructions1"
"sub_042",3,5073,"instructions1"
"sub_042",4,6555,"instructions1"
"sub_042",5,5496,"instructions1"
"sub_042",6,11908,"instructions1"
"sub_042",0,7524,"instructions2"
"sub_042",1,10406,"instructions2"
"sub_042",2,5424,"instructions2"
"sub_042",3,9928,"instructions2"
"sub_043",0,20947.6,"instructions1"
"sub_043",1,30191.6,"instructions1"
"sub_043",2,5768.60000000009,"instructions1"
"sub_043",3,5079.59999999998,"instructions1"
"sub_043",4,7496.5,"instructions1"
"sub_043",5,7030.59999999998,"instructions1"
"sub_043",6,4424.40000000002,"instructions1"
"sub_043",0,13333.5,"instructions2"
"sub_043",1,36335.5,"instructions2"
"sub_043",2,30719.7,"instructions2"
"sub_043",3,13072.1,"instructions2"
"sub_044",0,10757.099999994,"instructions1"
"sub_044",1,89005.6999999881,"instructions1"
"sub_044",2,8665.80000001192,"instructions1"
"sub_044",3,5607.30000001192,"instructions1"
"sub_044",4,7036.29999998212,"instructions1"
"sub_044",5,9418.80000001192,"instructions1"
"sub_044",6,6083.69999998808,"instructions1"
"sub_044",0,14038.8000000119,"instructions2"
"sub_044",1,13825.2999999821,"instructions2"
"sub_044",2,9682.70000001788,"instructions2"
"sub_044",3,12474.6999999881,"instructions2"
"sub_045",0,18166.1999999881,"instructions1"
"sub_045",1,33620.6000000238,"instructions1"
"sub_045",2,22603.6999999881,"instructions1"
"sub_045",3,6022.39999997616,"instructions1"
"sub_045",4,10051.6000000238,"instructions1"
"sub_045",5,11492.8000000119,"instructions1"
"sub_045",6,3480.39999997616,"instructions1"
"sub_045",0,9423.5,"instructions2"
"sub_045",1,14121.6999999881,"instructions2"
"sub_045",2,3187.70000004768,"instructions2"
"sub_045",3,10269.2999999523,"instructions2"
"sub_046",0,8423.69999998808,"instructions1"
"sub_046",1,12453,"instructions1"
"sub_046",2,4663.90000000596,"instructions1"
"sub_046",3,3801,"instructions1"
"sub_046",4,9813.90000000596,"instructions1"
"sub_046",5,14859.6999999881,"instructions1"
"sub_046",6,4316.19999998808,"instructions1"
"sub_046",0,7138,"instructions2"
"sub_046",1,10659.900000006,"instructions2"
"sub_046",2,8207,"instructions2"
"sub_046",3,5070,"instructions2"
"sub_047",0,12697.3949999956,"instructions1"
"sub_047",1,28728.8150000095,"instructions1"
"sub_047",2,14462.429999985,"instructions1"
"sub_047",3,6006.14000001224,"instructions1"
"sub_047",4,9042.10500000045,"instructions1"
"sub_047",5,7474.11999999895,"instructions1"
"sub_047",6,23932.6899999869,"instructions1"
"sub_047",0,2300.27500001597,"instructions1"
"sub_047",1,2803.19999999483,"instructions1"
"sub_047",2,1125.77499999315,"instructions1"
"sub_047",3,1144.28000000771,"instructions1"
"sub_047",4,802.10500000976,"instructions1"
"sub_047",5,919.854999985546,"instructions1"
"sub_047",6,3413.78000000259,"instructions1"
"sub_047",0,19040.2549999999,"instructions2"
"sub_047",1,14031.175000011,"instructions2"
"sub_047",2,13734.7500000033,"instructions2"
"sub_047",3,8847.71000000183,"instructions2"
"sub_048",0,5241.89999999851,"instructions1"
"sub_048",1,21831,"instructions1"
"sub_048",2,4834,"instructions1"
"sub_048",3,4550.39999999851,"instructions1"
"sub_048",4,7335.40000000224,"instructions1"
"sub_048",5,7549.80000000075,"instructions1"
"sub_048",6,14092.5999999978,"instructions1"
"sub_048",0,2015.69999999925,"instructions2"
"sub_048",1,8636.40000000224,"instructions2"
"sub_048",2,2918.89999999851,"instructions2"
"sub_048",3,2769.89999999851,"instructions2"
"sub_049",0,5991.79999995232,"instructions1"
"sub_049",1,13498.0999999046,"instructions1"
"sub_049",2,5779.90000009537,"instructions1"
"sub_049",3,3403.89999985695,"instructions1"
"sub_049",4,2916,"instructions1"
"sub_049",5,5824.10000014305,"instructions1"
"sub_049",6,5710.20000004768,"instructions1"
"sub_049",0,1506.80000019073,"instructions1"
"sub_049",1,10243.7999999523,"instructions1"
"sub_049",2,4007.89999985695,"instructions1"
"sub_049",3,1443.90000009537,"instructions1"
"sub_049",4,2582.29999995232,"instructions1"
"sub_049",5,6309.70000004768,"instructions1"
"sub_049",6,1352.5,"instructions1"
"sub_049",0,6833.79999995232,"instructions2"
"sub_049",1,9285.29999995232,"instructions2"
"sub_049",2,5068.30000019073,"instructions2"
"sub_049",3,5428,"instructions2"
"sub_050",0,26455.7000000179,"instructions1"
"sub_050",1,15403.599999994,"instructions1"
"sub_050",2,6337.19999998808,"instructions1"
"sub_050",3,5418.30000001192,"instructions1"
"sub_050",4,6758.79999998212,"instructions1"
"sub_050",5,4142.70000001788,"instructions1"
"sub_050",6,2087,"instructions1"
"sub_050",0,1654.19999998808,"instructions2"
"sub_050",1,9772.5,"instructions2"
"sub_050",2,2478.5,"instructions2"
"sub_050",3,945.200000017881,"instructions2"
"sub_051",0,20337,"instructions1"
"sub_051",1,23236.1999999881,"instructions1"
"sub_051",2,17905,"instructions1"
"sub_051",3,6823.30000001192,"instructions1"
"sub_051",4,7540.69999998808,"instructions1"
"sub_051",5,9429.80000001192,"instructions1"
"sub_051",6,11938.599999994,"instructions1"
"sub_051",0,24575.5,"instructions2"
"sub_051",1,48338.5,"instructions2"
"sub_051",2,22207.900000006,"instructions2"
"sub_051",3,9836.09999999404,"instructions2"
"sub_052",0,16191.3000000119,"instructions1"
"sub_052",1,98522.799999997,"instructions1"
"sub_052",2,14566.599999994,"instructions1"
"sub_052",3,11057.6000000089,"instructions1"
"sub_052",4,21873.6999999881,"instructions1"
"sub_052",5,16299.3000000119,"instructions1"
"sub_052",6,30175.299999997,"instructions1"
"sub_052",0,23786.599999994,"instructions1"
"sub_052",1,10145,"instructions1"
"sub_052",2,2329,"instructions1"
"sub_052",3,15230.900000006,"instructions1"
"sub_052",4,3638.70000000298,"instructions1"
"sub_052",5,4587.5,"instructions1"
"sub_052",6,1379.89999999106,"instructions1"
"sub_052",0,22031.6999999881,"instructions2"
"sub_052",1,15638.900000006,"instructions2"
"sub_052",2,3961.40000000596,"instructions2"
"sub_052",3,7686,"instructions2"
"sub_052",0,1165.89999999106,"instructions2"
"sub_052",1,2121.40000000596,"instructions2"
"sub_052",2,1764.59999999404,"instructions2"
"sub_052",3,1199.80000001192,"instructions2"
"sub_053",0,55758.9000000004,"instructions1"
"sub_053",1,21752,"instructions1"
"sub_053",2,7235.90000000037,"instructions1"
"sub_053",3,8355.90000000037,"instructions1"
"sub_053",4,9023.79999999888,"instructions1"
"sub_053",5,8912.40000000037,"instructions1"
"sub_053",6,13775.4000000004,"instructions1"
"sub_053",0,48298.2000000011,"instructions1"
"sub_053",1,74019.5999999996,"instructions1"
"sub_053",2,4832.19999999925,"instructions1"
"sub_053",3,1351.70000000112,"instructions1"
"sub_053",4,2424.29999999888,"instructions1"
"sub_053",5,927.900000000373,"instructions1"
"sub_053",6,1199.90000000037,"instructions1"
"sub_053",0,14160.5,"instructions2"
"sub_053",1,6523.29999999888,"instructions2"
"sub_053",2,2076.30000000075,"instructions2"
"sub_053",3,18436,"instructions2"
"sub_054",0,9714.29999999981,"instructions1"
"sub_054",1,11747.5,"instructions1"
"sub_054",2,26437,"instructions1"
"sub_054",3,3526.20000000019,"instructions1"
"sub_054",4,4478.60000000056,"instructions1"
"sub_054",5,4679.19999999925,"instructions1"
"sub_054",6,4161.10000000056,"instructions1"
"sub_054",0,8683.20000000019,"instructions2"
"sub_054",1,6700.79999999981,"instructions2"
"sub_054",2,5632,"instructions2"
"sub_054",3,3760,"instructions2"
"sub_055",0,5221,"instructions1"
"sub_055",1,17061,"instructions1"
"sub_055",2,8106,"instructions1"
"sub_055",3,4500,"instructions1"
"sub_055",4,6246,"instructions1"
"sub_055",5,6650,"instructions1"
"sub_055",6,8538,"instructions1"
"sub_055",0,4089,"instructions2"
"sub_055",1,13717,"instructions2"
"sub_055",2,6580,"instructions2"
"sub_055",3,3924,"instructions2"
"sub_056",0,8953.30000019073,"instructions1"
"sub_056",1,26006.7999997139,"instructions1"
"sub_056",2,10299.1000003815,"instructions1"
"sub_056",3,8664.09999990463,"instructions1"
"sub_056",4,20258.2999997139,"instructions1"
"sub_056",5,7989.40000009537,"instructions1"
"sub_056",6,12085.4000000954,"instructions1"
"sub_056",0,12642.2000002861,"instructions2"
"sub_056",1,19305.5,"instructions2"
"sub_056",2,26338.4000000954,"instructions2"
"sub_056",3,16966.2999997139,"instructions2"
"sub_057",0,29985.7000000179,"instructions1"
"sub_057",1,10830,"instructions1"
"sub_057",2,3246.69999998808,"instructions1"
"sub_057",3,3078,"instructions1"
"sub_057",4,6373.80000001192,"instructions1"
"sub_057",5,3474,"instructions1"
"sub_057",6,4307.29999998212,"instructions1"
"sub_057",0,9456.59999999404,"instructions2"
"sub_057",1,15248,"instructions2"
"sub_057",2,2547.90000000596,"instructions2"
"sub_057",3,3479.79999998212,"instructions2"
"sub_058",0,4926.90000000224,"instructions1"
"sub_058",1,12415,"instructions1"
"sub_058",2,6114,"instructions1"
"sub_058",3,4141,"instructions1"
"sub_058",4,5269.89999999851,"instructions1"
"sub_058",5,5209,"instructions1"
"sub_058",6,22609,"instructions1"
"sub_058",0,21535.8999999985,"instructions2"
"sub_058",1,26495.9000000022,"instructions2"
"sub_058",2,16809.0999999978,"instructions2"
"sub_058",3,8625.90000000224,"instructions2"
"sub_058",0,838.39999999851,"instructions2"
"sub_058",1,16818,"instructions2"
"sub_058",2,5892,"instructions2"
"sub_058",3,1115.90000000224,"instructions2"
"sub_059",0,56929.1000000006,"instructions1"
"sub_059",1,53644,"instructions1"
"sub_059",2,4971.29999999981,"instructions1"
"sub_059",3,2481.79999999981,"instructions1"
"sub_059",4,5028.20000000019,"instructions1"
"sub_059",5,2920.79999999981,"instructions1"
"sub_059",6,5467.10000000056,"instructions1"
"sub_059",0,5499.19999999925,"instructions2"
"sub_059",1,14930.6000000006,"instructions2"
"sub_059",2,5195.29999999981,"instructions2"
"sub_059",3,3732.90000000037,"instructions2"
"sub_060",0,2819.5,"instructions1"
"sub_060",1,16761.5,"instructions1"
"sub_060",2,5582.29999995232,"instructions1"
"sub_060",3,3698.60000002384,"instructions1"
"sub_060",4,4165.70000004768,"instructions1"
"sub_060",5,5731.5,"instructions1"
"sub_060",6,6815.10000002384,"instructions1"
"sub_060",0,10872.5999999046,"instructions2"
"sub_060",1,19494.3000000715,"instructions2"
"sub_060",2,4714.79999995232,"instructions2"
"sub_060",3,8864.89999997616,"instructions2"
"sub_061",0,72695,"instructions1"
"sub_061",1,31910,"instructions1"
"sub_061",2,10367,"instructions1"
"sub_061",3,3950,"instructions1"
"sub_061",4,4600,"instructions1"
"sub_061",5,8841,"instructions1"
"sub_061",6,11421,"instructions1"
"sub_061",0,8683,"instructions2"
"sub_061",1,19863,"instructions2"
"sub_061",2,12912,"instructions2"
"sub_061",3,11115,"instructions2"
"sub_062",0,5874.69999998808,"instructions1"
"sub_062",1,22099.5999999642,"instructions1"
"sub_062",2,8071.90000003576,"instructions1"
"sub_062",3,5600,"instructions1"
"sub_062",4,14624.0999999642,"instructions1"
"sub_062",5,8351.90000003576,"instructions1"
"sub_062",6,5104.09999996424,"instructions1"
"sub_062",0,3131.10000002384,"instructions2"
"sub_062",1,14919.7999999523,"instructions2"
"sub_062",2,5344.20000004768,"instructions2"
"sub_062",3,2751.69999998808,"instructions2"
"sub_062",2,9360.19999998808,"instructions2"
"sub_062",3,1968.60000002384,"instructions2"
"sub_063",0,13291.1000000089,"instructions1"
"sub_063",1,29722.700000003,"instructions1"
"sub_063",2,7691.09999999404,"instructions1"
"sub_063",3,7559.90000000596,"instructions1"
"sub_063",4,8927,"instructions1"
"sub_063",5,7104.09999999404,"instructions1"
"sub_063",6,7319.90000000596,"instructions1"
"sub_063",0,10819.599999994,"instructions2"
"sub_063",1,16390.900000006,"instructions2"
"sub_063",2,9478.90000000596,"instructions2"
"sub_063",3,14196.099999994,"instructions2"
"sub_064",0,17569.1000000089,"instructions1"
"sub_064",1,22855.700000003,"instructions1"
"sub_064",2,10802.6999999881,"instructions1"
"sub_064",3,6882.10000000894,"instructions1"
"sub_064",4,27960.599999994,"instructions1"
"sub_064",5,10160.299999997,"instructions1"
"sub_064",6,14925.3000000119,"instructions1"
"sub_064",0,1802.09999999404,"instructions1"
"sub_064",1,849074.900000006,"instructions1"
"sub_064",2,2249.5,"instructions1"
"sub_064",3,2667.89999999106,"instructions1"
"sub_064",4,12219.200000003,"instructions1"
"sub_064",5,12745.900000006,"instructions1"
"sub_064",6,2183.39999999106,"instructions1"
"sub_064",0,12978.6000000089,"instructions2"
"sub_064",1,16389.5,"instructions2"
"sub_064",2,5152.20000000298,"instructions2"
"sub_064",3,1624.19999998808,"instructions2"
"sub_065",0,8030.69999999925,"instructions1"
"sub_065",1,8218.39999999851,"instructions1"
"sub_065",2,4650.40000000224,"instructions1"
"sub_065",3,3299.79999999702,"instructions1"
"sub_065",4,5001,"instructions1"
"sub_065",5,4250.20000000298,"instructions1"
"sub_065",6,3700,"instructions1"
"sub_065",0,7165.90000000224,"instructions2"
"sub_065",1,5534,"instructions2"
"sub_065",2,23852.5999999978,"instructions2"
"sub_065",3,4934,"instructions2"
"sub_066",0,11433.6000000238,"instructions1"
"sub_066",1,36478.6999999881,"instructions1"
"sub_066",2,9273.59999996424,"instructions1"
"sub_066",3,7288.20000004768,"instructions1"
"sub_066",4,11056.3999999762,"instructions1"
"sub_066",5,17127.1000000238,"instructions1"
"sub_066",6,19928.2999999523,"instructions1"
"sub_066",0,17054.0999999642,"instructions2"
"sub_066",1,37592.8000000119,"instructions2"
"sub_066",2,27768.3000000119,"instructions2"
"sub_066",3,15240.3999999762,"instructions2"
"sub_067",0,6851,"instructions1"
"sub_067",1,24381.8000000119,"instructions1"
"sub_067",2,9410.10000002384,"instructions1"
"sub_067",3,5742.69999998808,"instructions1"
"sub_067",4,6353.09999996424,"instructions1"
"sub_067",5,8147.70000004768,"instructions1"
"sub_067",6,17190.5999999642,"instructions1"
"sub_067",0,2579.10000002384,"instructions2"
"sub_067",1,7081.30000001192,"instructions2"
"sub_067",2,6819.80000001192,"instructions2"
"sub_067",3,1583.5,"instructions2"
"sub_068",0,2794.59999999404,"instructions1"
"sub_068",1,24036.6999999881,"instructions1"
"sub_068",2,9233.30000001192,"instructions1"
"sub_068",3,4473.90000000596,"instructions1"
"sub_068",4,8907,"instructions1"
"sub_068",5,16671.7999999821,"instructions1"
"sub_068",6,9753.30000001192,"instructions1"
"sub_068",0,13552.599999994,"instructions2"
"sub_068",1,20685,"instructions2"
"sub_068",2,16211,"instructions2"
"sub_068",3,9412.80000001192,"instructions2"
"sub_069",0,33684.6,"instructions1"
"sub_069",1,65889,"instructions1"
"sub_069",2,12672.9,"instructions1"
"sub_069",3,7066,"instructions1"
"sub_069",4,17188.7,"instructions1"
"sub_069",5,25385.1,"instructions1"
"sub_069",6,17056.1,"instructions1"
"sub_069",0,22035.2,"instructions2"
"sub_069",1,19097.7,"instructions2"
"sub_069",2,9541.50000000006,"instructions2"
"sub_069",3,12989.6,"instructions2"
"sub_070",0,22767.400000006,"instructions1"
"sub_070",1,22268.1999999881,"instructions1"
"sub_070",2,242.5,"instructions1"
"sub_070",3,1964.60000002384,"instructions1"
"sub_070",2,449.799999982119,"instructions1"
"sub_070",1,366.59999999404,"instructions1"
"sub_070",2,2499.20000001788,"instructions1"
"sub_070",3,5641.79999998212,"instructions1"
"sub_070",4,124134.700000018,"instructions1"
"sub_070",3,1476.29999998212,"instructions1"
"sub_070",2,2831.5,"instructions1"
"sub_070",3,3209.5,"instructions1"
"sub_070",4,1702.70000001788,"instructions1"
"sub_070",5,43805.2999999821,"instructions1"
"sub_070",6,9814.80000001192,"instructions1"
"sub_070",0,12569.599999994,"instructions2"
"sub_070",1,15547.1999999881,"instructions2"
"sub_070",2,7492.70000001788,"instructions2"
"sub_070",3,7058.79999998212,"instructions2"
"sub_071",0,3809.80000000005,"instructions1"
"sub_071",1,23378.7,"instructions1"
"sub_071",2,7976.70000000007,"instructions1"
"sub_071",3,4940.79999999993,"instructions1"
"sub_071",4,3791.90000000002,"instructions1"
"sub_071",5,6288,"instructions1"
"sub_071",6,1888.90000000002,"instructions1"
"sub_071",0,3559,"instructions1"
"sub_071",1,6444.79999999993,"instructions1"
"sub_071",2,3648.90000000002,"instructions1"
"sub_071",3,1814,"instructions1"
"sub_071",4,1077.09999999998,"instructions1"
"sub_071",5,684.900000000023,"instructions1"
"sub_071",6,810.900000000023,"instructions1"
"sub_071",0,6648.40000000002,"instructions2"
"sub_071",1,8947.69999999995,"instructions2"
"sub_071",2,2822.90000000002,"instructions2"
"sub_071",3,5055.90000000002,"instructions2"
"sub_072",0,9481.09999999776,"instructions1"
"sub_072",1,19107.9000000022,"instructions1"
"sub_072",2,6781.09999999776,"instructions1"
"sub_072",3,5139.10000000149,"instructions1"
"sub_072",4,6965.10000000149,"instructions1"
"sub_072",5,5058.29999999702,"instructions1"
"sub_072",6,6865.20000000298,"instructions1"
"sub_072",0,9708.09999999776,"instructions2"
"sub_072",1,11727.8000000007,"instructions2"
"sub_072",2,13499,"instructions2"
"sub_072",3,11748,"instructions2"
"sub_073",0,9501.29999998212,"instructions1"
"sub_073",1,28239.400000006,"instructions1"
"sub_073",2,8024.09999999404,"instructions1"
"sub_073",3,7865.30000001192,"instructions1"
"sub_073",4,2046.69999998808,"instructions1"
"sub_073",5,10530,"instructions1"
"sub_073",6,8719.40000000596,"instructions1"
"sub_073",0,6377.69999998808,"instructions2"
"sub_073",1,6911.90000000596,"instructions2"
"sub_073",2,2032.30000001192,"instructions2"
"sub_073",3,1399.19999998808,"instructions2"
"sub_074",0,18619.3999999985,"instructions1"
"sub_074",1,52703.5,"instructions1"
"sub_074",2,11112.1000000015,"instructions1"
"sub_074",3,6232,"instructions1"
"sub_074",4,9711.89999999851,"instructions1"
"sub_074",5,10255.700000003,"instructions1"
"sub_074",6,17088.3999999985,"instructions1"
"sub_074",0,1949.10000000149,"instructions1"
"sub_074",1,5375.60000000149,"instructions1"
"sub_074",2,575.79999999702,"instructions1"
"sub_074",3,1016,"instructions1"
"sub_074",4,1928.29999999702,"instructions1"
"sub_074",5,2535.80000000447,"instructions1"
"sub_074",6,1176,"instructions1"
"sub_074",0,46446.5,"instructions2"
"sub_074",1,17639.799999997,"instructions2"
"sub_074",2,10160,"instructions2"
"sub_074",3,11280,"instructions2"
"sub_075",0,3695.60000002384,"instructions1"
"sub_075",1,43699.7000000477,"instructions1"
"sub_075",2,6131.69999992847,"instructions1"
"sub_075",3,5384.70000004768,"instructions1"
"sub_075",4,8333.89999997616,"instructions1"
"sub_075",5,8450.89999997616,"instructions1"
"sub_075",6,13116.3000000715,"instructions1"
"sub_075",0,17069.5,"instructions2"
"sub_075",1,19108.8999999762,"instructions2"
"sub_075",2,24925.6999999285,"instructions2"
"sub_075",3,10640,"instructions2"
"sub_076",0,18603.6000000015,"instructions1"
"sub_076",1,16231.3999999985,"instructions1"
"sub_076",2,3127.10000000149,"instructions1"
"sub_076",1,1199.60000000149,"instructions1"
"sub_076",2,10636.5,"instructions1"
"sub_076",3,3745,"instructions1"
"sub_076",4,6007.79999999702,"instructions1"
"sub_076",5,4346.39999999851,"instructions1"
"sub_076",6,2545.90000000596,"instructions1"
"sub_076",0,12332.6000000015,"instructions2"
"sub_076",1,176234.200000003,"instructions2"
"sub_076",2,8036.89999999851,"instructions2"
"sub_076",1,5064,"instructions2"
"sub_076",2,22887.1000000015,"instructions2"
"sub_076",1,1681,"instructions2"
"sub_076",2,1839.69999999553,"instructions2"
"sub_076",1,1779.60000000149,"instructions2"
"sub_076",2,2665.80000000447,"instructions2"
"sub_076",1,3806.69999999553,"instructions2"
"sub_076",2,1464.60000000149,"instructions2"
"sub_076",3,9200.70000000298,"instructions2"
"sub_076",0,1555,"instructions2"
"sub_076",1,1977.69999999553,"instructions2"
"sub_076",2,1839.20000000298,"instructions2"
"sub_076",3,1198,"instructions2"
"sub_077",0,13906.5999999996,"instructions1"
"sub_077",1,30851.1999999993,"instructions1"
"sub_077",2,18018.6000000015,"instructions1"
"sub_077",3,7167.39999999851,"instructions1"
"sub_077",4,9649.90000000037,"instructions1"
"sub_077",5,8176.59999999963,"instructions1"
"sub_077",6,11110.4000000004,"instructions1"
"sub_077",0,18561.3000000007,"instructions2"
"sub_077",1,24514,"instructions2"
"sub_077",2,33615.7999999989,"instructions2"
"sub_077",3,15747.8000000007,"instructions2"
"sub_078",0,7222.60000000894,"instructions1"
"sub_078",1,11280,"instructions1"
"sub_078",2,5080,"instructions1"
"sub_078",3,1976.89999999106,"instructions1"
"sub_078",4,4926.10000000894,"instructions1"
"sub_078",5,3870,"instructions1"
"sub_078",6,11673,"instructions1"
"sub_078",0,5078.70000000298,"instructions2"
"sub_078",1,6846.90000000596,"instructions2"
"sub_078",2,6681,"instructions2"
"sub_078",3,4337.89999999106,"instructions2"
"sub_079",0,6236.60000000149,"instructions1"
"sub_079",1,63149.200000003,"instructions1"
"sub_079",2,23833.8999999985,"instructions1"
"sub_079",3,11276,"instructions1"
"sub_079",2,5583.10000000149,"instructions1"
"sub_079",3,4527,"instructions1"
"sub_079",4,16702.8999999985,"instructions1"
"sub_079",3,2128,"instructions1"
"sub_079",2,16448,"instructions1"
"sub_079",3,1525.20000000298,"instructions1"
"sub_079",4,2163.89999999851,"instructions1"
"sub_079",5,5377,"instructions1"
"sub_079",4,5775,"instructions1"
"sub_079",5,9186,"instructions1"
"sub_079",6,9036,"instructions1"
"sub_079",0,1944.20000000298,"instructions1"
"sub_079",1,24849.799999997,"instructions1"
"sub_079",2,4885,"instructions1"
"sub_079",3,3696,"instructions1"
"sub_079",4,9205.10000000149,"instructions1"
"sub_079",3,2415.10000000149,"instructions1"
"sub_079",2,12057.799999997,"instructions1"
"sub_079",3,1999,"instructions1"
"sub_079",4,1303.10000000149,"instructions1"
"sub_079",5,3801.89999999851,"instructions1"
"sub_079",6,7791.10000000149,"instructions1"
"sub_079",0,979.10000000149,"instructions1"
"sub_079",1,1448.79999999702,"instructions1"
"sub_079",2,834.10000000149,"instructions1"
"sub_079",3,991.89999999851,"instructions1"
"sub_079",4,835.10000000149,"instructions1"
"sub_079",5,666.89999999851,"instructions1"
"sub_079",6,842,"instructions1"
"sub_079",0,16287.3999999985,"instructions2"
"sub_079",1,37649,"instructions2"
"sub_079",2,6298,"instructions2"
"sub_079",1,3111.89999999851,"instructions2"
"sub_079",2,2230.10000000149,"instructions2"
"sub_079",1,2104.10000000149,"instructions2"
"sub_079",2,2061.89999999851,"instructions2"
"sub_079",1,2793.10000000149,"instructions2"
"sub_079",2,1866,"instructions2"
"sub_079",1,3511,"instructions2"
"sub_079",2,4594,"instructions2"
"sub_079",1,1817,"instructions2"
"sub_079",2,11627.8999999985,"instructions2"
"sub_079",3,12191.1000000015,"instructions2"
"sub_079",0,751.79999999702,"instructions2"
"sub_079",1,1347.80000000447,"instructions2"
"sub_079",2,1657,"instructions2"
"sub_079",3,1081.19999999553,"instructions2"
"sub_080",0,8516,"instructions1"
"sub_080",1,11762.6999999881,"instructions1"
"sub_080",2,6023.40000000596,"instructions1"
"sub_080",3,2664.29999998212,"instructions1"
"sub_080",4,4647,"instructions1"
"sub_080",5,5776.70000001788,"instructions1"
"sub_080",4,492.199999988079,"instructions1"
"sub_080",3,3862.30000001192,"instructions1"
"sub_080",4,3659,"instructions1"
"sub_080",5,1647.69999998808,"instructions1"
"sub_080",6,24324,"instructions1"
"sub_080",0,11731.599999994,"instructions2"
"sub_080",1,10194.599999994,"instructions2"
"sub_080",2,9140.80000001192,"instructions2"
"sub_080",3,8348.5,"instructions2"
"sub_081",0,11212.400000006,"instructions1"
"sub_081",1,747360.099999994,"instructions1"
"sub_081",2,19143.3000000119,"instructions1"
"sub_081",3,3008.5,"instructions1"
"sub_081",4,5655.79999999702,"instructions1"
"sub_081",5,4008.20000000298,"instructions1"
"sub_081",6,5031.69999998808,"instructions1"
"sub_081",0,8168.60000000894,"instructions2"
"sub_081",1,8703.39999999106,"instructions2"
"sub_081",2,22440.700000003,"instructions2"
"sub_081",3,21487.599999994,"instructions2"
"sub_081",0,5075.70000000298,"instructions2"
"sub_081",1,36927.799999997,"instructions2"
"sub_081",2,12312,"instructions2"
"sub_081",3,10911.8999999911,"instructions2"
"sub_082",0,7344.29999999981,"instructions1"
"sub_082",1,18692.0999999996,"instructions1"
"sub_082",2,5738.60000000056,"instructions1"
"sub_082",3,4118.59999999963,"instructions1"
"sub_082",4,8071.79999999981,"instructions1"
"sub_082",5,25788.9000000004,"instructions1"
"sub_082",6,12067.5999999996,"instructions1"
"sub_082",0,1591.39999999944,"instructions1"
"sub_082",1,6003.70000000019,"instructions1"
"sub_082",2,3051.20000000019,"instructions1"
"sub_082",3,2367.20000000019,"instructions1"
"sub_082",4,1994.29999999981,"instructions1"
"sub_082",5,2251.20000000019,"instructions1"
"sub_082",6,2120.29999999981,"instructions1"
"sub_082",0,17333.2000000002,"instructions2"
"sub_082",1,21980.2000000002,"instructions2"
"sub_082",2,24230.7999999998,"instructions2"
"sub_082",3,10926.2000000002,"instructions2"
"sub_083",0,7003.39999999851,"instructions1"
"sub_083",1,21721,"instructions1"
"sub_083",2,7738.89999999851,"instructions1"
"sub_083",3,7673.40000000224,"instructions1"
"sub_083",4,5048.39999999851,"instructions1"
"sub_083",5,20816.9000000022,"instructions1"
"sub_083",6,13079.6999999993,"instructions1"
"sub_083",0,12662.8000000007,"instructions2"
"sub_083",1,9419.09999999776,"instructions2"
"sub_083",2,11853.6000000015,"instructions2"
"sub_083",3,5092.69999999925,"instructions2"
"sub_084",0,5901.40000009537,"instructions1"
"sub_084",1,15104,"instructions1"
"sub_084",2,7792.40000009537,"instructions1"
"sub_084",3,3958.59999990463,"instructions1"
"sub_084",4,7776.59999990463,"instructions1"
"sub_084",5,11615.4000000954,"instructions1"
"sub_084",4,735.800000190735,"instructions1"
"sub_084",3,1041.59999990463,"instructions1"
"sub_084",2,11007.1999998093,"instructions1"
"sub_084",3,3784.40000009537,"instructions1"
"sub_084",4,4224.09999990463,"instructions1"
"sub_084",5,7696,"instructions1"
"sub_084",4,455.900000095367,"instructions1"
"sub_084",3,887.5,"instructions1"
"sub_084",2,5000.30000019073,"instructions1"
"sub_084",3,760,"instructions1"
"sub_084",4,1248.5,"instructions1"
"sub_084",5,782.599999904633,"instructions1"
"sub_084",6,6385.19999980927,"instructions1"
"sub_084",0,7815.30000019073,"instructions2"
"sub_084",1,19535.4000000954,"instructions2"
"sub_084",2,10088.5999999046,"instructions2"
"sub_084",3,7103.90000009537,"instructions2"
"sub_085",0,32384.4000000954,"instructions1"
"sub_085",1,15612.0999999046,"instructions1"
"sub_085",2,5404.90000009537,"instructions1"
"sub_085",3,3069.29999995232,"instructions1"
"sub_085",4,9023.5,"instructions1"
"sub_085",5,4020.09999990463,"instructions1"
"sub_085",6,8991.20000004768,"instructions1"
"sub_085",0,7713.60000014305,"instructions2"
"sub_085",1,11707.1999998093,"instructions2"
"sub_085",2,2517.90000009537,"instructions2"
"sub_085",3,1851.70000004768,"instructions2"
"sub_086",0,2498.5,"instructions1"
"sub_086",1,25242,"instructions1"
"sub_086",2,13501.4000000954,"instructions1"
"sub_086",3,5446.69999980927,"instructions1"
"sub_086",4,6484.59999990463,"instructions1"
"sub_086",3,1172.5,"instructions1"
"sub_086",2,2244.30000019073,"instructions1"
"sub_086",1,7354,"instructions1"
"sub_086",2,1505.69999980927,"instructions1"
"sub_086",3,1335.7000002861,"instructions1"
"sub_086",4,4102,"instructions1"
"sub_086",5,5562,"instructions1"
"sub_086",6,13511.6999998093,"instructions1"
"sub_086",0,10445.0999999046,"instructions2"
"sub_086",1,22353.3000001907,"instructions2"
"sub_086",2,12463.6999998093,"instructions2"
"sub_086",3,6405.2000002861,"instructions2"
"sub_087",0,22286.8999999762,"instructions1"
"sub_087",1,42533.6000000238,"instructions1"
"sub_087",2,18332.1999999285,"instructions1"
"sub_087",3,13605.7000000477,"instructions1"
"sub_087",4,20375.3999999762,"instructions1"
"sub_087",5,23185.8000000715,"instructions1"
"sub_087",6,23530.2999999523,"instructions1"
"sub_087",0,29798.2000000477,"instructions2"
"sub_087",1,34973.3999999762,"instructions2"
"sub_087",2,41408.3999999762,"instructions2"
"sub_087",3,32349.5,"instructions2"
"sub_088",0,2293.19999992847,"instructions1"
"sub_088",1,7671.20000004768,"instructions1"
"sub_088",2,2922.39999997616,"instructions1"
"sub_088",3,2556.60000002384,"instructions1"
"sub_088",4,7028.39999997616,"instructions1"
"sub_088",5,4071.29999995232,"instructions1"
"sub_088",6,3677.90000009537,"instructions1"
"sub_088",0,3332.90000009537,"instructions2"
"sub_088",1,5110.59999990463,"instructions2"
"sub_088",2,7104.20000004768,"instructions2"
"sub_088",3,5001,"instructions2"
"sub_089",0,26132.2999999523,"instructions1"
"sub_089",1,36127.7000000477,"instructions1"
"sub_089",2,11361.1999999881,"instructions1"
"sub_089",3,9647,"instructions1"
"sub_089",4,10860.0999999642,"instructions1"
"sub_089",5,14995.8000000119,"instructions1"
"sub_089",6,5756.69999998808,"instructions1"
"sub_089",0,12112.9000000358,"instructions2"
"sub_089",1,21459.2999999523,"instructions2"
"sub_089",2,14855.1000000238,"instructions2"
"sub_089",3,13428.8000000119,"instructions2"
"sub_090",0,10273.5,"instructions1"
"sub_090",1,36459.0999999642,"instructions1"
"sub_090",2,5585.69999998808,"instructions1"
"sub_090",3,2724,"instructions1"
"sub_090",4,5864.30000001192,"instructions1"
"sub_090",5,3860.5,"instructions1"
"sub_090",6,4959,"instructions1"
"sub_090",0,13147.3999999762,"instructions2"
"sub_090",1,16956.6000000238,"instructions2"
"sub_090",2,10194.8999999762,"instructions2"
"sub_090",3,7602.5,"instructions2"
"sub_091",0,18995.0999999046,"instructions1"
"sub_091",1,12446,"instructions1"
"sub_091",2,6299.40000009537,"instructions1"
"sub_091",3,6189.79999995232,"instructions1"
"sub_091",4,3469.79999995232,"instructions1"
"sub_091",5,5019.10000014305,"instructions1"
"sub_091",6,4624,"instructions1"
"sub_091",0,1544.29999995232,"instructions2"
"sub_091",1,6155.29999995232,"instructions2"
"sub_091",2,2659.20000004768,"instructions2"
"sub_091",3,1226,"instructions2"
"sub_092",0,9553.39999997616,"instructions1"
"sub_092",1,36644.7000000477,"instructions1"
"sub_092",2,9009.20000004768,"instructions1"
"sub_092",3,11369.5,"instructions1"
"sub_092",4,8321.09999990463,"instructions1"
"sub_092",5,14170.5,"instructions1"
"sub_092",6,11057.7000000477,"instructions1"
"sub_092",0,7924,"instructions2"
"sub_092",1,24387.1999999285,"instructions2"
"sub_092",2,15065.7000000477,"instructions2"
"sub_092",3,8625.19999992847,"instructions2"
"sub_093",0,7222.39999999851,"instructions1"
"sub_093",1,9447.5,"instructions1"
"sub_093",2,3079.40000000037,"instructions1"
"sub_093",3,1976,"instructions1"
"sub_093",4,3125.20000000112,"instructions1"
"sub_093",5,2779.09999999963,"instructions1"
"sub_093",6,2187.69999999925,"instructions1"
"sub_093",0,3852.5,"instructions2"
"sub_093",1,10181,"instructions2"
"sub_093",2,4357.5,"instructions2"
"sub_093",3,5440,"instructions2"
"sub_094",0,13339.2999999523,"instructions1"
"sub_094",1,13486.8999999762,"instructions1"
"sub_094",2,8236.10000002384,"instructions1"
"sub_094",3,4022.30000007153,"instructions1"
"sub_094",4,24373.1999999285,"instructions1"
"sub_094",5,21633.5,"instructions1"
"sub_094",6,6306.39999997616,"instructions1"
"sub_094",0,11425.2999999523,"instructions2"
"sub_094",1,13667.3999999762,"instructions2"
"sub_094",2,19522.3999999762,"instructions2"
"sub_094",3,8250.30000007153,"instructions2"
"sub_095",0,6111.29999999702,"instructions1"
"sub_095",1,25677.700000003,"instructions1"
"sub_095",2,11743.8999999911,"instructions1"
"sub_095",3,34921.6000000089,"instructions1"
"sub_095",4,14722.099999994,"instructions1"
"sub_095",5,9065.79999999702,"instructions1"
"sub_095",6,6628,"instructions1"
"sub_095",0,24873.900000006,"instructions2"
"sub_095",1,7076.89999999106,"instructions2"
"sub_095",2,14651.799999997,"instructions2"
"sub_095",3,6168.20000000298,"instructions2"
"sub_096",0,15371,"instructions1"
"sub_096",1,37498,"instructions1"
"sub_096",2,8982,"instructions1"
"sub_096",3,3528,"instructions1"
"sub_096",4,9214,"instructions1"
"sub_096",5,4952,"instructions1"
"sub_096",6,6962,"instructions1"
"sub_096",0,3842,"instructions2"
"sub_096",1,21747,"instructions2"
"sub_096",2,3080,"instructions2"
"sub_096",3,1228,"instructions2"
"sub_097",0,26011.0999999046,"instructions1"
"sub_097",1,21279.6000001431,"instructions1"
"sub_097",2,8671.89999985695,"instructions1"
"sub_097",3,6024.40000009537,"instructions1"
"sub_097",2,1536.29999995232,"instructions1"
"sub_097",3,943.200000047684,"instructions1"
"sub_097",4,7280.29999995232,"instructions1"
"sub_097",5,8743.90000009537,"instructions1"
"sub_097",6,7752.09999990463,"instructions1"
"sub_097",0,16205,"instructions2"
"sub_097",1,13431.7000000477,"instructions2"
"sub_097",2,21800.2999999523,"instructions2"
"sub_097",3,11231.8000001907,"instructions2"
"sub_098",0,15965.8000000007,"instructions1"
"sub_098",1,29232.6999999993,"instructions1"
"sub_098",2,7099.59999999963,"instructions1"
"sub_098",3,4033.30000000075,"instructions1"
"sub_098",4,6783.09999999963,"instructions1"
"sub_098",5,4967.90000000037,"instructions1"
"sub_098",6,4433.09999999963,"instructions1"
"sub_098",0,11375.3000000007,"instructions2"
"sub_098",1,22433,"instructions2"
"sub_098",2,30983.5999999996,"instructions2"
"sub_098",3,11400,"instructions2"
"sub_099",0,9488.30000001192,"instructions1"
"sub_099",1,90342.1999999881,"instructions1"
"sub_099",2,63654.8999999762,"instructions1"
"sub_099",3,11582.1000000238,"instructions1"
"sub_099",4,19268.3000000119,"instructions1"
"sub_099",5,15972.8999999762,"instructions1"
"sub_099",6,723023.699999988,"instructions1"
"sub_099",0,80181.5,"instructions2"
"sub_099",1,18025.6999999881,"instructions2"
"sub_099",2,25426.8999999762,"instructions2"
"sub_099",3,10746.8000000119,"instructions2"
"sub_100",0,10401.2000000477,"instructions1"
"sub_100",1,15051.6999999881,"instructions1"
"sub_100",2,5237,"instructions1"
"sub_100",3,2927.5,"instructions1"
"sub_100",4,3491,"instructions1"
"sub_100",5,6817.59999996424,"instructions1"
"sub_100",6,2807.60000002384,"instructions1"
"sub_100",0,7067.60000002384,"instructions2"
"sub_100",1,16668.7999999523,"instructions2"
"sub_100",2,14128.4000000358,"instructions2"
"sub_100",3,8920,"instructions2"
"sub_101",0,41789,"instructions1"
"sub_101",1,42273,"instructions1"
"sub_101",2,38076,"instructions1"
"sub_101",3,7465,"instructions1"
"sub_101",4,6513,"instructions1"
"sub_101",5,5489,"instructions1"
"sub_101",6,1871,"instructions1"
"sub_101",0,1467,"instructions2"
"sub_101",1,13689,"instructions2"
"sub_101",2,3966,"instructions2"
"sub_101",3,11080,"instructions2"
"sub_102",0,14286.2,"instructions1"
"sub_102",1,6860.5,"instructions1"
"sub_102",2,4656,"instructions1"
"sub_102",3,3458.30000000005,"instructions1"
"sub_102",4,6836.59999999998,"instructions1"
"sub_102",5,4754.29999999993,"instructions1"
"sub_102",6,2921.70000000007,"instructions1"
"sub_102",0,2396.39999999991,"instructions2"
"sub_102",1,6654.40000000014,"instructions2"
"sub_102",2,3798.09999999986,"instructions2"
"sub_102",3,2196,"instructions2"
"sub_103",0,17725.9000000004,"instructions1"
"sub_103",1,19240.7000000011,"instructions1"
"sub_103",2,5677.09999999963,"instructions1"
"sub_103",3,7859.5,"instructions1"
"sub_103",4,11768.5,"instructions1"
"sub_103",5,4051.29999999888,"instructions1"
"sub_103",6,15675.2000000011,"instructions1"
"sub_103",0,2884.5,"instructions1"
"sub_103",1,14879.6999999993,"instructions1"
"sub_103",2,9070.70000000112,"instructions1"
"sub_103",3,5259.69999999925,"instructions1"
"sub_103",4,8679.5,"instructions1"
"sub_103",5,6047.59999999963,"instructions1"
"sub_103",6,2226.5,"instructions1"
"sub_103",0,9616,"instructions2"
"sub_103",1,5409.69999999925,"instructions2"
"sub_103",2,2020.5,"instructions2"
"sub_103",3,11267.5,"instructions2"
"sub_104",0,8664,"instructions1"
"sub_104",1,11892,"instructions1"
"sub_104",2,8326,"instructions1"
"sub_104",3,2549,"instructions1"
"sub_104",4,5842,"instructions1"
"sub_104",5,8286,"instructions1"
"sub_104",6,6987,"instructions1"
"sub_104",0,12374,"instructions2"
"sub_104",1,10999,"instructions2"
"sub_104",2,10398,"instructions2"
"sub_104",3,11344,"instructions2"
"sub_105",0,3464.30000000075,"instructions1"
"sub_105",1,124428,"instructions1"
"sub_105",2,5566.89999999851,"instructions1"
"sub_105",3,3075.90000000224,"instructions1"
"sub_105",4,5559.89999999851,"instructions1"
"sub_105",5,4497,"instructions1"
"sub_105",6,2337.10000000149,"instructions1"
"sub_105",0,5688.39999999851,"instructions2"
"sub_105",1,6483.10000000149,"instructions2"
"sub_105",2,2452,"instructions2"
"sub_105",3,2833.09999999776,"instructions2"
"sub_106",0,4548.70000000298,"instructions1"
"sub_106",1,17905.900000006,"instructions1"
"sub_106",2,8993.69999998808,"instructions1"
"sub_106",3,3454.30000001192,"instructions1"
"sub_106",4,9452.79999999702,"instructions1"
"sub_106",5,6808.09999999404,"instructions1"
"sub_106",6,11612.900000006,"instructions1"
"sub_106",0,9526.19999998808,"instructions2"
"sub_106",1,27085.200000003,"instructions2"
"sub_106",2,10889.799999997,"instructions2"
"sub_106",3,7628.20000000298,"instructions2"
"sub_107",0,8525.30000007153,"instructions1"
"sub_107",1,12401.6999999285,"instructions1"
"sub_107",2,6443,"instructions1"
"sub_107",3,3770.80000007153,"instructions1"
"sub_107",4,4264.09999990463,"instructions1"
"sub_107",5,3190.20000004768,"instructions1"
"sub_107",6,4623.39999997616,"instructions1"
"sub_107",0,12178.1999999285,"instructions2"
"sub_107",1,8922.30000007153,"instructions2"
"sub_107",2,9512.59999990463,"instructions2"
"sub_107",3,6726.80000007153,"instructions2"
"sub_108",0,18741.5,"instructions1"
"sub_108",1,17454.9000000004,"instructions1"
"sub_108",2,5934.79999999888,"instructions1"
"sub_108",3,5485,"instructions1"
"sub_108",4,4484.5,"instructions1"
"sub_108",5,3717.5,"instructions1"
"sub_108",6,10686.5,"instructions1"
"sub_108",0,10313.4000000004,"instructions2"
"sub_108",1,7385.30000000075,"instructions2"
"sub_108",2,6968.39999999851,"instructions2"
"sub_108",3,3284.30000000075,"instructions2"
"sub_109",0,18859.2000000477,"instructions1"
"sub_109",1,17849.6999998093,"instructions1"
"sub_109",2,55001.3000001907,"instructions1"
"sub_109",3,99552.7999999523,"instructions1"
"sub_109",4,21832.5,"instructions1"
"sub_109",5,3236.29999995232,"instructions1"
"sub_109",6,7881.09999990463,"instructions1"
"sub_109",0,12897.7999999523,"instructions2"
"sub_109",1,12266.7000000477,"instructions2"
"sub_109",2,3999.39999985695,"instructions2"
"sub_109",3,1482.70000004768,"instructions2"
"sub_110",0,10059.8999999994,"instructions1"
"sub_110",1,16385,"instructions1"
"sub_110",2,5889.60000000056,"instructions1"
"sub_110",3,4921.89999999944,"instructions1"
"sub_110",4,8009.60000000056,"instructions1"
"sub_110",5,7841.19999999925,"instructions1"
"sub_110",6,12097,"instructions1"
"sub_110",0,2271.89999999851,"instructions2"
"sub_110",1,15366.8000000007,"instructions2"
"sub_110",2,7324.59999999963,"instructions2"
"sub_110",3,1902.09999999963,"instructions2"
"sub_111",0,93668.8999998569,"instructions1"
"sub_111",1,19032.8000001907,"instructions1"
"sub_111",2,5995.39999985695,"instructions1"
"sub_111",3,3357.90000009537,"instructions1"
"sub_111",4,5537,"instructions1"
"sub_111",5,4621.79999995232,"instructions1"
"sub_111",6,3181.70000004768,"instructions1"
"sub_111",0,4426.29999995232,"instructions2"
"sub_111",1,9396.90000009537,"instructions2"
"sub_111",2,11481.4000000954,"instructions2"
"sub_111",3,31292.0999999046,"instructions2"
"sub_112",0,9699.40000009537,"instructions1"
"sub_112",1,13607.6999998093,"instructions1"
"sub_112",2,8584.10000038147,"instructions1"
"sub_112",3,4840,"instructions1"
"sub_112",4,6103.89999961853,"instructions1"
"sub_112",5,6703.7000002861,"instructions1"
"sub_112",6,7159.7999997139,"instructions1"
"sub_112",0,12792.5,"instructions2"
"sub_112",1,5023.59999990463,"instructions2"
"sub_112",2,12399.9000000954,"instructions2"
"sub_112",3,3952.09999990463,"instructions2"
"sub_113",0,3839.5,"instructions1"
"sub_113",1,25595.7,"instructions1"
"sub_113",2,15813.6,"instructions1"
"sub_113",3,4541.19999999998,"instructions1"
"sub_113",4,9441.30000000002,"instructions1"
"sub_113",5,4995.5,"instructions1"
"sub_113",6,4793.60000000001,"instructions1"
"sub_113",0,7760.59999999998,"instructions2"
"sub_113",1,9070.10000000003,"instructions2"
"sub_113",2,9581.89999999997,"instructions2"
"sub_113",3,1420.10000000003,"instructions2"
"sub_114",0,4040.90000009537,"instructions1"
"sub_114",1,24519.3999996185,"instructions1"
"sub_114",2,15464,"instructions1"
"sub_114",3,4079.90000009537,"instructions1"
"sub_114",2,4501.90000009537,"instructions1"
"sub_114",3,1178,"instructions1"
"sub_114",4,5843.80000019073,"instructions1"
"sub_114",3,1122.19999980927,"instructions1"
"sub_114",2,863.900000095367,"instructions1"
"sub_114",1,4703.90000009537,"instructions1"
"sub_114",2,1756.19999980927,"instructions1"
"sub_114",3,1433.69999980927,"instructions1"
"sub_114",4,3404.2000002861,"instructions1"
"sub_114",5,5273.7999997139,"instructions1"
"sub_114",4,407.900000095367,"instructions1"
"sub_114",3,1570.5,"instructions1"
"sub_114",2,769.700000286102,"instructions1"
"sub_114",3,975.89999961853,"instructions1"
"sub_114",4,786,"instructions1"
"sub_114",5,2419.90000009537,"instructions1"
"sub_114",6,7912,"instructions1"
"sub_114",0,12944,"instructions2"
"sub_114",1,8543.59999990463,"instructions2"
"sub_114",2,11695.9000000954,"instructions2"
"sub_114",1,5527.80000019073,"instructions2"
"sub_114",2,1578.09999990463,"instructions2"
"sub_114",3,25195.5999999046,"instructions2"
"sub_115",0,11846.5999999046,"instructions1"
"sub_115",1,22151.6999998093,"instructions1"
"sub_115",2,10536.0999999046,"instructions1"
"sub_115",3,3800.60000038147,"instructions1"
"sub_115",4,6471.5,"instructions1"
"sub_115",5,7008.2999997139,"instructions1"
"sub_115",6,2879.40000009537,"instructions1"
"sub_115",0,14212.5999999046,"instructions2"
"sub_115",1,9248,"instructions2"
"sub_115",2,35631.9000000954,"instructions2"
"sub_115",3,4224.7000002861,"instructions2"
"sub_116",0,16398.5999999996,"instructions1"
"sub_116",1,30171.6000000015,"instructions1"
"sub_116",2,197770.799999999,"instructions1"
"sub_116",3,2127.30000000075,"instructions1"
"sub_116",4,10662.6999999993,"instructions1"
"sub_116",5,2367.5,"instructions1"
"sub_116",6,46841.3000000007,"instructions1"
"sub_116",0,9245.79999999888,"instructions2"
"sub_116",1,6326.40000000037,"instructions2"
"sub_116",2,2463.5,"instructions2"
"sub_116",3,1255.90000000037,"instructions2"
"sub_117",0,26121.6000000015,"instructions1"
"sub_117",1,23400.799999997,"instructions1"
"sub_117",2,230551.400000002,"instructions1"
"sub_117",3,7104.30000000075,"instructions1"
"sub_117",4,10341.5,"instructions1"
"sub_117",5,5248.19999999925,"instructions1"
"sub_117",6,10490.5999999978,"instructions1"
"sub_117",0,6519.89999999851,"instructions1"
"sub_117",1,3032,"instructions1"
"sub_117",2,1582.30000000075,"instructions1"
"sub_117",3,1770.80000000075,"instructions1"
"sub_117",4,911.79999999702,"instructions1"
"sub_117",5,812,"instructions1"
"sub_117",6,837.400000002235,"instructions1"
"sub_117",0,2040.60000000149,"instructions1"
"sub_117",1,15942.6000000015,"instructions1"
"sub_117",2,3770.89999999851,"instructions1"
"sub_117",3,4306.19999999925,"instructions1"
"sub_117",4,6377.40000000224,"instructions1"
"sub_117",5,5931.09999999776,"instructions1"
"sub_117",6,2012.10000000149,"instructions1"
"sub_117",0,9873.89999999851,"instructions2"
"sub_117",1,12349.1999999993,"instructions2"
"sub_117",2,8275.5,"instructions2"
"sub_117",3,2618.90000000224,"instructions2"
"sub_118",0,10391.5,"instructions1"
"sub_118",1,23679.8000000007,"instructions1"
"sub_118",2,8336.39999999851,"instructions1"
"sub_118",3,7615.69999999925,"instructions1"
"sub_118",4,10632.200000003,"instructions1"
"sub_118",5,5599.79999999702,"instructions1"
"sub_118",6,2512,"instructions1"
"sub_118",0,20076.8999999985,"instructions2"
"sub_118",1,24631.8000000007,"instructions2"
"sub_118",2,15552.1999999993,"instructions2"
"sub_118",3,8967.80000000075,"instructions2"
"sub_119",0,14176.1999999993,"instructions1"
"sub_119",1,18226.3000000007,"instructions1"
"sub_119",2,4544.5,"instructions1"
"sub_119",3,5180.19999999925,"instructions1"
"sub_119",4,9772.10000000149,"instructions1"
"sub_119",5,5760.39999999851,"instructions1"
"sub_119",6,5839.10000000149,"instructions1"
"sub_119",0,16859.1000000015,"instructions2"
"sub_119",1,6683,"instructions2"
"sub_119",2,3588.79999999702,"instructions2"
"sub_119",3,3599.90000000224,"instructions2"
"sub_120",0,3365.60000000149,"instructions1"
"sub_120",1,19668.299999997,"instructions1"
"sub_120",2,5320.30000000075,"instructions1"
"sub_120",3,4758.10000000149,"instructions1"
"sub_120",4,2989.89999999851,"instructions1"
"sub_120",5,4193.40000000224,"instructions1"
"sub_120",6,5111.5,"instructions1"
"sub_120",0,5975.60000000149,"instructions2"
"sub_120",1,9228,"instructions2"
"sub_120",2,6856.29999999702,"instructions2"
"sub_120",3,1421.70000000298,"instructions2"
"sub_120",0,6994,"instructions2"
"sub_120",1,4621.5,"instructions2"
"sub_120",2,10687.8000000007,"instructions2"
"sub_120",3,892.5,"instructions2"
"sub_121",0,31126.700000003,"instructions1"
"sub_121",1,31960.3999999911,"instructions1"
"sub_121",2,11839.299999997,"instructions1"
"sub_121",3,5818.5,"instructions1"
"sub_121",4,10094.200000003,"instructions1"
"sub_121",5,325161.100000009,"instructions1"
"sub_121",6,13038.5,"instructions1"
"sub_121",0,2032.70000000298,"instructions1"
"sub_121",1,1876.29999999702,"instructions1"
"sub_121",2,974.70000000298,"instructions1"
"sub_121",3,995.40000000596,"instructions1"
"sub_121",4,860.59999999404,"instructions1"
"sub_121",5,746.40000000596,"instructions1"
"sub_121",6,861.09999999404,"instructions1"
"sub_121",0,33111.6000000089,"instructions2"
"sub_121",1,22488.3999999911,"instructions2"
"sub_121",2,22022.900000006,"instructions2"
"sub_121",3,2616.59999999404,"instructions2"
"sub_122",0,8674,"instructions1"
"sub_122",1,14937,"instructions1"
"sub_122",2,3497,"instructions1"
"sub_122",3,2874,"instructions1"
"sub_122",4,2079,"instructions1"
"sub_122",5,4079,"instructions1"
"sub_122",6,5560,"instructions1"
"sub_122",0,1150,"instructions2"
"sub_122",1,2640,"instructions2"
"sub_122",2,6700,"instructions2"
"sub_122",3,1252,"instructions2"
"sub_123",0,8103.79999998212,"instructions1"
"sub_123",1,18049.3000000119,"instructions1"
"sub_123",2,7400.59999999404,"instructions1"
"sub_123",3,6649.80000001192,"instructions1"
"sub_123",4,9833.5,"instructions1"
"sub_123",5,8734.09999999404,"instructions1"
"sub_123",6,10083.5,"instructions1"
"sub_123",0,10068,"instructions2"
"sub_123",1,29883.099999994,"instructions2"
"sub_123",2,27317,"instructions2"
"sub_123",3,10267.3000000119,"instructions2"
"sub_123",0,5839.39999997616,"instructions2"
"sub_123",1,2165.5,"instructions2"
"sub_123",2,1599.70000001788,"instructions2"
"sub_123",3,3384,"instructions2"
"sub_124",0,13305.5,"instructions1"
"sub_124",1,35881,"instructions1"
"sub_124",2,8601,"instructions1"
"sub_124",3,8362.70000001788,"instructions1"
"sub_124",4,9096.19999998808,"instructions1"
"sub_124",5,7901.30000001192,"instructions1"
"sub_124",6,10935.7999999821,"instructions1"
"sub_124",0,13570.400000006,"instructions1"
"sub_124",1,10514.599999994,"instructions1"
"sub_124",2,11473.3000000119,"instructions1"
"sub_124",3,1838.90000000596,"instructions1"
"sub_124",4,2171.19999998808,"instructions1"
"sub_124",5,902.5,"instructions1"
"sub_124",6,1479.90000000596,"instructions1"
"sub_124",0,11886.099999994,"instructions2"
"sub_124",1,9888.40000000596,"instructions2"
"sub_124",2,6636.59999999404,"instructions2"
"sub_124",3,12950,"instructions2"
"sub_125",0,6787.90000003576,"instructions1"
"sub_125",1,18244.8999999762,"instructions1"
"sub_125",2,4975,"instructions1"
"sub_125",3,4071.80000001192,"instructions1"
"sub_125",4,6613.30000001192,"instructions1"
"sub_125",5,5492,"instructions1"
"sub_125",6,7814.09999996424,"instructions1"
"sub_125",0,90197,"instructions2"
"sub_125",1,7948.39999997616,"instructions2"
"sub_125",2,5490.5,"instructions2"
"sub_125",3,14955.6000000238,"instructions2"
"sub_125",0,232442.199999988,"instructions2"
"sub_125",1,2656.89999997616,"instructions2"
"sub_125",2,2350,"instructions2"
"sub_125",3,1098.5,"instructions2"
"sub_126",0,8664.19999980927,"instructions1"
"sub_126",1,68618.4000000954,"instructions1"
"sub_126",2,6729.70000004768,"instructions1"
"sub_126",3,4537.89999985695,"instructions1"
"sub_126",4,9237,"instructions1"
"sub_126",5,6598.10000014305,"instructions1"
"sub_126",6,5376.29999995232,"instructions1"
"sub_126",0,11132.2000000477,"instructions2"
"sub_126",1,12532.5999999046,"instructions2"
"sub_126",2,11052.2000000477,"instructions2"
"sub_126",3,6893.39999985695,"instructions2"
"sub_127",0,7768,"instructions1"
"sub_127",1,19393,"instructions1"
"sub_127",2,9842,"instructions1"
"sub_127",3,4815,"instructions1"
"sub_127",4,3545,"instructions1"
"sub_127",5,10587,"instructions1"
"sub_127",6,10178,"instructions1"
"sub_127",0,2753,"instructions2"
"sub_127",1,12014,"instructions2"
"sub_127",2,12400,"instructions2"
"sub_127",3,12805,"instructions2"
"sub_128",0,10365.7000000179,"instructions1"
"sub_128",1,36467.2999999821,"instructions1"
"sub_128",2,13699.6000000238,"instructions1"
"sub_128",3,7366.79999998212,"instructions1"
"sub_128",4,6833.5,"instructions1"
"sub_128",5,13767.5,"instructions1"
"sub_128",6,19783.900000006,"instructions1"
"sub_128",0,10955.900000006,"instructions2"
"sub_128",1,15067.1999999881,"instructions2"
"sub_128",2,12032.5,"instructions2"
"sub_128",3,5116.90000000596,"instructions2"
"sub_129",0,27975.5,"instructions1"
"sub_129",1,13606.3000000119,"instructions1"
"sub_129",2,4355.69999998808,"instructions1"
"sub_129",3,4567,"instructions1"
"sub_129",4,5583.59999999404,"instructions1"
"sub_129",5,8038.30000001192,"instructions1"
"sub_129",6,5655.29999998212,"instructions1"
"sub_129",0,5810.80000001192,"instructions2"
"sub_129",1,5989.5,"instructions2"
"sub_129",2,6733.40000000596,"instructions2"
"sub_129",3,5197.39999997616,"instructions2"
"sub_130",0,22824.099999994,"instructions1"
"sub_130",1,168513.5,"instructions1"
"sub_130",2,6869.5,"instructions1"
"sub_130",3,6939.70000000298,"instructions1"
"sub_130",4,7217.5,"instructions1"
"sub_130",5,7423.90000000596,"instructions1"
"sub_130",6,14580.8999999911,"instructions1"
"sub_130",0,3813.90000000596,"instructions2"
"sub_130",1,9223.29999999702,"instructions2"
"sub_130",2,7638.20000000298,"instructions2"
"sub_130",3,5807.09999999404,"instructions2"
"sub_131",0,11833.2000002861,"instructions1"
"sub_131",1,21522.4000000954,"instructions1"
"sub_131",2,7437.19999980927,"instructions1"
"sub_131",3,3904.30000019073,"instructions1"
"sub_131",4,9155.59999990463,"instructions1"
"sub_131",5,5357.69999980927,"instructions1"
"sub_131",6,4912.5,"instructions1"
"sub_131",0,13471,"instructions2"
"sub_131",1,16361.4000000954,"instructions2"
"sub_131",2,10481.4000000954,"instructions2"
"sub_131",3,10211.1999998093,"instructions2"
"sub_132",0,9141.90000009537,"instructions1"
"sub_132",1,50424.0999999046,"instructions1"
"sub_132",2,14496.5,"instructions1"
"sub_132",3,7343.5,"instructions1"
"sub_132",4,17231.9000000954,"instructions1"
"sub_132",5,10760.1999998093,"instructions1"
"sub_132",6,9768.40000009537,"instructions1"
"sub_132",0,1199.5,"instructions1"
"sub_132",1,3384.5,"instructions1"
"sub_132",2,1399.20000004768,"instructions1"
"sub_132",3,1280.5,"instructions1"
"sub_132",4,1079.40000009537,"instructions1"
"sub_132",5,1088,"instructions1"
"sub_132",6,1080.20000004768,"instructions1"
"sub_132",0,43257.6000001431,"instructions2"
"sub_132",1,39599.3999998569,"instructions2"
"sub_132",2,12200,"instructions2"
"sub_132",1,1399.80000019073,"instructions2"
"sub_132",2,1424.39999985695,"instructions2"
"sub_132",1,1551.70000004768,"instructions2"
"sub_132",2,2344.70000004768,"instructions2"
"sub_132",1,1359.20000004768,"instructions2"
"sub_132",2,1576.59999990463,"instructions2"
"sub_132",1,1639.79999995232,"instructions2"
"sub_132",2,1647.79999995232,"instructions2"
"sub_132",1,1679.80000019073,"instructions2"
"sub_132",2,18096.8999998569,"instructions2"
"sub_132",3,15119.2000000477,"instructions2"
"sub_133",0,2898.29999999702,"instructions1"
"sub_133",1,16359.700000003,"instructions1"
"sub_133",2,5480.39999999851,"instructions1"
"sub_133",3,2728.19999999925,"instructions1"
"sub_133",4,7263.60000000149,"instructions1"
"sub_133",5,4856.19999999925,"instructions1"
"sub_133",6,8631.80000000075,"instructions1"
"sub_133",0,1170.5,"instructions2"
"sub_133",1,3159.80000000075,"instructions2"
"sub_133",2,3968.09999999776,"instructions2"
"sub_133",3,1119.90000000224,"instructions2"
"sub_134",0,7220,"instructions1"
"sub_134",1,13888.6999999881,"instructions1"
"sub_134",2,6261.69999998808,"instructions1"
"sub_134",3,5688,"instructions1"
"sub_134",4,4354.10000002384,"instructions1"
"sub_134",5,5329.89999997616,"instructions1"
"sub_134",6,1876.10000002384,"instructions1"
"sub_134",0,4153.10000002384,"instructions2"
"sub_134",1,5174.80000001192,"instructions2"
"sub_134",2,2523.30000001192,"instructions2"
"sub_134",3,3277.29999995232,"instructions2"
"sub_135",0,10978.8000000119,"instructions1"
"sub_135",1,30552.099999994,"instructions1"
"sub_135",2,5569.80000001192,"instructions1"
"sub_135",3,3341.59999999404,"instructions1"
"sub_135",4,4889.59999999404,"instructions1"
"sub_135",5,3935.40000000596,"instructions1"
"sub_135",6,12302.900000006,"instructions1"
"sub_135",0,1608.29999998212,"instructions1"
"sub_135",1,4927.5,"instructions1"
"sub_135",2,2660.20000001788,"instructions1"
"sub_135",3,1411.89999997616,"instructions1"
"sub_135",4,2643.90000000596,"instructions1"
"sub_135",5,2003.59999999404,"instructions1"
"sub_135",6,2138.60000002384,"instructions1"
"sub_135",0,142249.600000024,"instructions2"
"sub_135",1,14713.1999999881,"instructions2"
"sub_135",2,21174.099999994,"instructions2"
"sub_135",3,48579.8000000119,"instructions2"
"sub_136",0,9425,"instructions1"
"sub_136",1,13339.900000006,"instructions1"
"sub_136",2,50816.099999994,"instructions1"
"sub_136",3,4407.90000000596,"instructions1"
"sub_136",4,6541.80000001192,"instructions1"
"sub_136",5,12286.1999999881,"instructions1"
"sub_136",6,8690,"instructions1"
"sub_136",0,11989.1999999881,"instructions2"
"sub_136",1,19836.3000000119,"instructions2"
"sub_136",2,10545.400000006,"instructions2"
"sub_136",3,7562,"instructions2"
"sub_137",0,23812.299999997,"instructions1"
"sub_137",1,87169.5,"instructions1"
"sub_137",2,6999.20000000298,"instructions1"
"sub_137",3,7361.70000000298,"instructions1"
"sub_137",4,6344.59999999404,"instructions1"
"sub_137",5,9811.30000000447,"instructions1"
"sub_137",6,14907.1999999955,"instructions1"
"sub_137",0,12172.700000003,"instructions2"
"sub_137",1,26466,"instructions2"
"sub_137",2,2270,"instructions2"
"sub_137",3,2382.60000000149,"instructions2"
"sub_138",0,68599,"instructions1"
"sub_138",1,154142,"instructions1"
"sub_138",2,7642,"instructions1"
"sub_138",3,6158,"instructions1"
"sub_138",4,7060,"instructions1"
"sub_138",5,10260,"instructions1"
"sub_138",6,8202,"instructions1"
"sub_138",0,4939,"instructions1"
"sub_138",1,5181,"instructions1"
"sub_138",2,2033,"instructions1"
"sub_138",3,6525,"instructions1"
"sub_138",4,2364,"instructions1"
"sub_138",5,5739,"instructions1"
"sub_138",6,8537,"instructions1"
"sub_138",0,9251,"instructions2"
"sub_138",1,18789,"instructions2"
"sub_138",2,10698,"instructions2"
"sub_138",3,17346,"instructions2"
"sub_139",0,3450.40000000037,"instructions1"
"sub_139",1,9811.89999999944,"instructions1"
"sub_139",2,5154.40000000037,"instructions1"
"sub_139",3,2764.79999999981,"instructions1"
"sub_139",4,5087.09999999963,"instructions1"
"sub_139",5,6693.60000000056,"instructions1"
"sub_139",6,4458.59999999963,"instructions1"
"sub_139",0,3888.20000000019,"instructions2"
"sub_139",1,7742.79999999981,"instructions2"
"sub_139",2,5015.39999999944,"instructions2"
"sub_139",3,4137.80000000075,"instructions2"
"sub_140",0,2027.29999995232,"instructions1"
"sub_140",1,9353.89999997616,"instructions1"
"sub_140",2,4812,"instructions1"
"sub_140",3,2337.89999997616,"instructions1"
"sub_140",4,4654.20000004768,"instructions1"
"sub_140",5,4597.79999995232,"instructions1"
"sub_140",6,4014.10000002384,"instructions1"
"sub_140",0,7431.60000002384,"instructions2"
"sub_140",1,5554,"instructions2"
"sub_140",2,5907.89999997616,"instructions2"
"sub_140",3,5182,"instructions2"
