ptp,boards,rt,response.Q0,response.Q1
sub_001,schema_4_2,70924,"cupcake
escalator
drinking fountain
bed
basketball
plug","table
onion
steering wheel
shelf
pumpkin
no smoking sign"
sub_001,schema_4_4,111250.89999999944,"bath
flip flop
handle
card
wing mirror
curtain
chair 
salt","bus
map
tv
donut
tap
parking sign"
sub_001,schema_6_0,33793.40000000037,"sink
cucumber
bench
traffic light
beer
tomato","cow
drums
lightbulb
chair
rugby ball 
fan"
sub_001,schema_2_2,50865.699999999255,"present
pumpkin
kiwi
phone","squirrel, tyre, cloud, wasp, stairs, jeans"
sub_002,schema_2_2,132781.80000000005,"cupcake, escalator, sink, bed","table, onion slice, steering wheel, bookcase, pumpkin, no smoking sign"
sub_002,schema_4_2,66743.69999999995,"bath, flip flop, door handle, playing card, wing mirror, curtain","school bus, world map, tv, doughnut, taps, no parking sign"
sub_002,schema_4_4,83082.90000000037,"sink, cucumber, picnic table, traffic lights, pint of Guinness, baby tomatoes, atm, Christmas tree","cow, drums, lightbulb, rocking chair, rugby ball, ceiling fan"
sub_002,schema_6_0,87137.79999999981,"gift, carved pumpkin, kiwi, pay phone, rose, shovel","squirrel, bike wheel, cloud, wasp, stairs, jeans"
sub_003,schema_6_0,125654.19999998808,"cupcake, escalator, trinket box, bed, basketball, socket","table, onion, steering wheel, bookcase, pumpkin, no smoking sign"
sub_003,schema_2_2,88100.90000000596,"bath, flip flop, door handle, ace of diamonds","yellow school bus, map of the world, tv, glazed doughnut ring, tap, no parking sign"
sub_003,schema_4_2,109000,"sink, cucumber, park table, traffic, coke, plum tomatoes","cow, drum set, bulb, rocking chair, american football, ceiling fan"
sub_003,schema_4_4,349571.59999999404,"present, pumpkin, kiwi, payphone, rose, spade, dorito, flask","squirrel, bike wheel, cloud, bee, stairs, jeans"
sub_004,schema_4_2,149582,"cupcake
escalator,
sink or water fountain?
bed,
basketball,
plug sockets","round table,
onion in half
steering wheel,
bookcase,
pumpkin,
no smoking sign"
sub_004,schema_4_4,157926.5,"bathtub,
sandal,
door handle,
ace card,
car wing mirror,
curtain,
chair,
salt shaker","school bus,
world map,
television,
doughnut,
tap,
no 'P' sign with arrows?"
sub_004,schema_6_0,123295.09999990463,"sink,
cucumber,
picnic bench,
four lights,
a pint of dark drink,
5 of a red fruit/vegetable?","cow,
drum,
energy saving light bulb,
chair,
american football,
ceiling fan"
sub_004,schema_2_2,108054,"a present,
a carved pumpkin,
kiwi,
public telephone","squirrel,
bicycle wheel,
cloud,
bee,
staircase,
denim jeans"
sub_005,schema_2_2,269599.5,"Cupcake
stairs
radio
bed","table
onion 
steering wheel 
cupboard 
pupkin
no smoking sign"
sub_005,schema_4_2,193228.89999997616,"bath tub
slippers
door knob
card
mirror 
curtain","school bus
map
computer monitor 
donut 
tap
no parking sign 
"
sub_005,schema_4_4,109270.30000001192,"sink 
cucumber
garden table 
traffic lights
glass of drink
tomato
ATM machine 
christmas tree","cow 
drum
bulb
chair
football
fan"
sub_005,schema_6_0,69771,"present 
pupkim 
kiwi
telephone
rose
shovel ","squrriel 
wheel
cloud 
bee
stairs
jeans "
sub_006,schema_6_0,70835.09999990463,"Cupcake, escalator, water fountain, bed, basketball, socket.","Table, onion, steering wheel, bookcase, pumpkin, sign."
sub_006,schema_2_2,53408.60000002384,"Bathtub, flip flop, door handle, playing card.","School bus, world map, monitor, doughnut, tap, sign"
sub_006,schema_4_2,77503.10000002384,"Sink, cucumber, picnic table, traffic lights, stout, tomatoes","Cow, drumkit, lightbulb, rocking chair, rugby ball, ceiling fan"
sub_006,schema_4_4,75495.70000004768,"Present, carved pumpkin, kiwi, payphone, rose, shovel, tortilla chip, insulated coffee mug","Squirrel, bicycle tire, cloud, honeybee, stairs, jeans."
sub_007,schema_4_2,104256.40000009537,"cupcake
escalator
water fountain
bed
basketball
outlet","table
onion
steering wheel
bookcase
pumpkin
no smoking sign"
sub_007,schema_4_4,83958.5,"bath
sandal
handle
playing card
mirror
curtain
chair
salt shaker","school bus
map
tv
donut
tap
parking sign"
sub_007,schema_6_0,318614.2999999523,"sink
cucumber
bench
traffic lights
beer
tomatoes","cow
drums
light bulb
chair
rugby ball
fan"
sub_007,schema_2_2,41082.799999952316,"gift
pumpkin
kiwi
phone","squirrel
wheel
cloud
bee
stairs
jeans"
sub_008,schema_2_2,216229.60000000894,cupcake  elevator.  cooler.    bed  ,table onion.  stering wheel cupboard pumpkin. no smoking sign
sub_008,schema_4_2,106445.60000000894,tub slippers  door handle card. car mirror  curtain,bus map TV doughnut tap  sign
sub_008,schema_4_4,142655.60000000894,sink cucumber table traffic light coca cola tomatoes atm machine christmas tree,cow drums light bulb chair ball fan
sub_008,schema_6_0,66735.70000000298,present pumpkin kiwi telephone rose rake,rat wheel cloud bee  stairs jeans
sub_009,schema_6_0,59298.80000000005,"cupcake, escalator, vinyl player, bed, basketball, socket","Table, onion, wheel, cupboard, pumpkin, no smoking sign"
sub_009,schema_2_2,55535.80000000005,"Sink, flip flop, door handle, card","Bus, map, TV, doughnut, tap, no parking sign"
sub_009,schema_4_2,41111.200000000186,"Sink, cucumber, picnic table, traffic light, beer, tomatoes","Cow, drum set, lamp, chair, rugby ball, ceiling fan"
sub_009,schema_4_4,49677.30000000028,"Present, pumpkin, kiwi, phone machine, rose, shovel, bread, cup","Squirrel, wheel, cloud, bee, stairs, jeans"
sub_010,schema_6_0,98545.70000000019,"cupcake, escalator, case, bed, basketball, plug socket","table, onion, steering wheel, shelves, pumpkin, no smoking sign"
sub_010,schema_2_2,58825,"bath, flip-flop, door handle, playing card","school bus, map, tv, donut, tap, no parking sign"
sub_010,schema_4_2,86515.79999999888,"sink, cucumber, picnic table, traffic lights, beer, tomatoes","cow, drums, bulb, rocking chair, american football, ceiling fan"
sub_010,schema_4_4,67596.09999999963,"gift, jackolantern, kiwi, payphone, rose, shovel, tortilla, flask","squirrel, wheel, cloud, bee, stairs, jeans"
sub_011,schema_6_0,50030.300000190735,table onion steering wheel bookshelf pumpkin sign,na
sub_011,schema_2_2,30837.099999427795,bus map tv doughnut tap sign,na
sub_011,schema_4_2,544425.9000005722,cow drum bulb chair ball fan,na
sub_011,schema_4_4,25671.800000190735,squirrel wheel cloud bee stairs trousers,na
sub_012,schema_4_4,83465.69999998808,"cupcake, escaltor, sink, bed, basketball, plug socket, pasta, shower","table, onion, steering wheel, book shelf, pumpkin, no smoking sign"
sub_012,schema_6_0,71378.5,"bath, flip flop, door handle, playing card, mirror, curtain","bus, map, monitor, donut, tap, no parking sign"
sub_012,schema_2_2,29877.5,"sink, cucumber, picnic bench, traffic light","cow, drums, lightbulb, chair, football, fan"
sub_012,schema_4_2,47807.30000001192,"present, pumpkin, kiwi, payphone, rose, shovel","squirel, wheel, cloud, bee, stairs, jeans"
sub_013,schema_4_4,73108.30000000075,"cake, escalator, not sure, bed, ball, plug sockets, macaroni, shower head, ","table, onion, steering wheel, bookcase, pumpkin, no smoking"
sub_013,schema_6_0,60270.89999999851,"bath, flip flop, handle, ace card, wing mirror, curtain, ","school bus, map of the world, tv, donut, taps maybe? no parking sign"
sub_013,schema_2_2,35903.599999997765,"sink, cucumber, bench, lights","cow, drums, bulb, chair, rugby ball, ceiling fan"
sub_013,schema_4_2,36082.900000002235,"gift, pumpkin, kiwi, phone, rose, spade","rat, wheel, cloud, bee, steps. trousers"
sub_014,schema_4_4,108982.5,"cupcake, stairs, box, cot, basket ball, switchboard, macroni, shower head","table , onion, stearingm shelf, pumpkin, warning board"
sub_014,schema_6_0,67745.10000002384,"bath tub, slipper, door knob, card, car mirror, curtain","lorry, map, tv, doughnut, tap, warning sign"
sub_014,schema_2_2,66785.30000001192,"washbasin, cucumber dining table, signal lights,","cow, drums, lED,rocking chair, rugby ball, fan"
sub_014,schema_4_2,59637.90000003576,"gift, pumpkin, kiwi, telephone, rose, gardening tool","squirrel, cycle tyre, cloud, bee, stairs, jeans"
sub_015,schema_4_2,72597.5,"cake, escalator, case, bed, basketball, socket","table, onion, steering wheel, book case, pumpkin, no smoking sign"
sub_015,schema_4_4,69509.5,"draw, flipflop, door handle, ace card, wing mirror, curtain, chair, salt pot","bus, map, tv, doughnut, tap, no parking sign"
sub_015,schema_6_0,62243.10000000149,"sink, cucumber, bench, traffic lights, pint, tomato","cow, drum set, light bulb, chair, ball, ceiling fan"
sub_015,schema_2_2,141946.5,"present, pumpkin, kiwi, phone","squirrel, bike wheel, cloud, bee, stairs, jeans"
sub_016,schema_4_2,45811.5,"cupcake, escalator, cabinet, bed, basketball, plug","table, onion, wheel, shelf, pumpkin, no smoking sign"
sub_016,schema_4_4,54938.199999928474,"bathtub, sandal, dorr handle, card, wing mirror, curtain, chair, salt shaker","bus, map, TV, donut, tap, no parking sign"
sub_016,schema_6_0,70195.29999995232,"sink, cucumber, bench, traffic lights, beer glass, tomatoes","cow, drumset, lightbulb, chair, rugby ball, fan"
sub_016,schema_2_2,42996.799999952316,"present, pumpkin, kiwi, telephone","squirrel, wheel, cloud, bee, stairs, jeans"
sub_017,schema_2_2,87413.90000000596,Cupcake; Escalator; Vinyl record player & Double Bed,Table; Red Onion Slice; Steering wheel; Bookcase; Pumpkin & No smoking sign
sub_017,schema_4_2,68625.69999998808,Bathtub; Flip Flop; Door Handle; Ace playing card; Car wing mirror and a curtain.,Yellow School Bus; World Map; PC Screen; Doughnut; Tap and a no parking sign
sub_017,schema_4_4,59076.79999998212,sink; cucumber; bench; traffic lights; pink; tomatos' atm and xmas tree,cow; drums; light; chair; american football and ceiling fan
sub_017,schema_6_0,37698.09999999404,present; pumpkin; kiwi; phone; flower and spade,squirrel; wheel; cloud; bee; stairs and trousers
sub_018,schema_2_2,64067.40000000596,"cupcake, escalator, water fountain, bed","table, onion, steering wheel, cupboard, pumpkin, smoking sign "
sub_018,schema_4_2,71648,"bathtub, flipflop, handle, playing card, side mirror, curtain","school bus, map, tv, dohnut, tap, parking sign"
sub_018,schema_4_4,76212.20000000298,"sink, cucumber, bench, traffic lights, beer, tomatoes, ATM, christmas tree","cow, drums, light bulb, chair, football, fan"
sub_018,schema_6_0,40936.39999999106,"present, pumpkin, kiwi, phone box, rose, spade","squirrel, tire, cloud, bee, stairs, jeans"
sub_019,schema_4_4,68620,"cupcake, escalator, fountain, bed, basketball, socket, pasta, showerhead","table, onion, steering wheel, shelves, pumpkin, sign"
sub_019,schema_6_0,53005.60000014305,"bathtub, slide, door handle, playing card, wing mirror, curtain","school bus, map, monitor, donut, tap, sign"
sub_019,schema_2_2,32092.599999904633,"sink, cucumber, bench, lights","cow, drum kit, light bulb, chair, football, fan"
sub_019,schema_4_2,54331.299999952316,"wrapping paper, pumpkin, kiwi, phone, rose, shovel","squirrel, tyre, cloud, wasp, stairs, jeans"
sub_020,schema_4_4,59849.19999999995,"Cupcake, escalator, water fountain, bed, basketball, switch, pasta, shower","table, onion, steering wheele, bookcase, pumpkin, no smoking"
sub_020,schema_6_0,35495.5,"Tub, slippper, door handle, card, mirror, curtain","bus, map, tv, doughnut, tap, parking sign"
sub_020,schema_2_2,306882.19999999995,"sink, cucumber, table, lights","cow, drum set, light, chair, football, fan"
sub_020,schema_4_2,2072.600000000093,NA,NA
sub_021,schema_4_4,56410.60000014305,"cupcake, elevator, case, bed, ball, socket, pasta, shower","table, onion, wheel, bookcase, pumpkin, no-smoking sign"
sub_021,schema_6_0,43579.799999952316,"bathtub, flip-flop, handle, card, wing mirror, curtain","bus, map, screen, doughnut, tap, sign"
sub_021,schema_2_2,33256.90000009537,"basin, cucumber, table, lights","cow, drums, bulb, chair, ball, fan"
sub_021,schema_4_2,30067.60000014305,"present, pumpkin, kiwi, phone, rose, shovel","squirrel, tyre, cloud, bee, stairs, jeans"
sub_022,schema_4_4,114905,"cupcake, escalator, water fountain, bed, basketball, socket, pasta, shower head","table, onion, steering wheel, bookcase, pumpkin, no smoking sign"
sub_022,schema_6_0,64909.09999999404,"bathtub, sandal, door handle, playing card,  side mirror, curtain","schoolbus, map, screen, doughnut, faucet, no parking sign"
sub_022,schema_2_2,86455,"sink, cucumber, picnic table, stoplight","cow, drum set, lightbulb, chair, american football, ceiling fan"
sub_022,schema_4_2,99219.29999999702,"gift, jack-o'-lantern, kiwi, payphone, rose, shovel","squirrel, wheel, cloud, bee, staircase, jeans"
sub_023,schema_4_4,96090.09999990463,"Cupcake
Escalator
Water Fountain
Bed
Basketball
Socket
Macaroni
Showerhead","Table
Onion
Steering Wheel
Cabinet
Pumpkin
Sign"
sub_023,schema_6_0,67127.90000009537,"Bath
Flip Flop
Handle
Card
Winf Mirror
Curtain","Bus
Map
TV
Donut
Ornament
Sign"
sub_023,schema_2_2,49840.300000190735,"Sink
Cucumber
Table
Lights","Cow
Drums
Bulb
Chair
Football
Fan"
sub_023,schema_4_2,58019.800000190735,"Present
Pumpkin
Kiwi
Payphone
Rose
Shovel","Squirrel
Wheel
Cloud
Bee
Stairs
Jeans"
sub_024,schema_6_0,69833.19999992847,"Cupcake
Escalator
Sink
Bed
Basketball
Socket","Table
Onion
Steering wheel
Bookshelf
Pumpkin
No smoking sign"
sub_024,schema_2_2,39567,"Bath
Flip flop
Handle
Card","Bus
Map
TV
Doughnut
Taps
No parking sign"
sub_024,schema_4_2,77260.79999995232,"Sink
Cucumber
Picnic table
Traffic lights
Glass
Tomatoes","Cow
Drums
Light bulb
Rocking chair
Rugby ball
Fan"
sub_024,schema_4_4,48320.60000002384,"Present
Pumpkin
Kiwi
Pay phone
Rose
Spade
Tortilla
Coffee mug","Squirrel
Wheel
Cloud
Wasp
Stairs
Jeans"
sub_025,schema_2_2,54263,"Cupcake, escalator, tap and bed","Table, Onion, steering wheel, bookshelf, pumpkin, no smoking sign"
sub_025,schema_4_2,41634.39999999851,"Tub, flip flop, handle, ace card, side mirror and curtain","Schoolbus, world map, tv, donut, tap and no parking sign"
sub_025,schema_4_4,40713.69999999553,"sink, cucumber, table, traffic light, pint, tomatoes, atm and christmas tree","cow, drums, light bulb, chair, football and fan"
sub_025,schema_6_0,38947.5,"Present, pumpkin, kiwi, phone, rose and showel","squirrel, tire, cloud, bee, stairs and trousers"
sub_026,schema_4_2,82422.79999999702,"cupcake, escalator, mirror, bed, basketball, plug socket","table, onion, steering wheel, bookshelf, pumpkin, sign"
sub_026,schema_4_4,37067.89999999106,"bath, flip flop, door handle, card, wing mirror, curtain, chair, salt","bus, map, tv, donut, tap, sign"
sub_026,schema_6_0,35897.60000000894,"sink, cucumber, bench, traffic light, beer, tomato","cow, drums, light, chair, football, fan"
sub_026,schema_2_2,77646.40000000596,"present, pumpkin, kiwi, phone","squirrel, wheel, cloud, bee, stairs, jeans"
sub_027,schema_4_4,92552.20000004768,"cupcake, escalator, water fountain, bed, basketball, outlet, macaroni pasta, shower head","table, red onion halve, steering wheel, bookshelf, pumpkin, no smoking sign"
sub_027,schema_6_0,41618.10000002384,"bath tub, flip flop, door handle, ace, side mirror, curtain","school bus, world map, tv, donut, tap, no parking sign"
sub_027,schema_2_2,38879.40000003576,"sink, cucumber, bench, stoplight","cow, drum kit, energy saving lightbulb, rocking chair, football, ceiling fan"
sub_027,schema_4_2,37095.799999952316,"present, jack o lantern, kiwi, payphone, rose, shovel","squirrel, bike wheel, cloud, bee, stairs, jeans"
sub_028,schema_4_4,96113.89999999106,"cupcake, escalator, water fountain, bed, basketball, electrical outlet, macaroni, shower head.","Table, onion, steering wheel, bookcase, pumpkin, no smoking sign."
sub_028,schema_6_0,60736.40000000596,"bathtup, flip flop, handel, ace, wing mirror, curtain","bus, map, tv, doughnut, tap, no parking sign"
sub_028,schema_2_2,306652.10000000894,"sink, cucumber, picknick table, traffic light","Cow, drumset, light bulb, chair, football, ceiling fan."
sub_028,schema_4_2,41018.29999999702,"present, pumpkin, kiwi, phone, rose, shovel","squirrel, wheel, cloud, bee, stairs, jeans"
sub_029,schema_4_2,80058.10000002384,"cupcake, escalator, boiler, double bed, basketball, socket","table, red onion, steering wheel, bookshelf, pumpkin, no smoking sign"
sub_029,schema_4_4,74203.39999997616,"bathtub, flip flop, handle, card, wingmirror, curtain, chair, salt","bus, map, television, donught, tap, no parking sign"
sub_029,schema_6_0,47851.39999997616,"sink, cucumber, bench, traffic light, guiness, tomatoes","cow, drums, lightbulb, chair, rugby ball, fan "
sub_029,schema_2_2,38274,"present, pumpkin, kiwi, pay phone","squirrel, wheel, cloud, bee, stairs, jeans"
sub_030,schema_2_2,81300.40000009537,"table
onion
steering wheel
bookshelf
pumpkin
no smoking sign",none displayed?
sub_030,schema_4_2,74039,"bus
map
tv
doughnut
tap
p sign","table
no smoking sign
pumpkin
steering wheel
bookshelf
onion"
sub_030,schema_4_4,60923,"cow
drum set
bulb
rocking chair
baseball
fan","doughnut
map
tv
p sign
tap
bus"
sub_030,schema_6_0,128859.10000014305,"squirrel
wheel
cloud
bee
staircase
jeans","fan
baseball
rocking chair
drum set
bus
"
sub_031,schema_4_2,75990.40000009537,"cupcake
stairs
sink
bed
basketball
socket","table
onion
steering wheel
shelf
pumpkin
no smoking sign"
sub_031,schema_4_4,47436.800000190735,"bath
flipflop
door handle
card
mirror
curtain
chair
salt shaker","bus
map
tv
donut
sink
no parking sign"
sub_031,schema_6_0,44246.2000002861,"sink
cucumber
bench
paint
beer
tomatoes","cow
drums
bulb
chair
rugby ball
fan"
sub_031,schema_2_2,27466.39999961853,"present
pumpkin
kiwi
telephone","squirrel
tire
cloud
bee
stairs
jeans"
sub_032,schema_2_2,58523,"Bun, escalator, box, bed","table, onion, steering wheel, cabinet, pumpkin, 'no smoking' sign"
sub_032,schema_4_2,51283.39999999991,"Bathtub, flip-flop, doorhandle, ace of diamonds, left wingmirror, curtain","schoolbus, worldmap, television, doughnut, tap, 'no parking' sign"
sub_032,schema_4_4,76109.6000000001,"Sink, cucumber, picnic table, traffic light, glass of stout, berries, ATM, christmas tree","cow, drumkit, lightbulb, chair, American Football, rooffan"
sub_032,schema_6_0,83333.3999999999,"Present, Pumpkin, grapefruit, telephone, rose, spade","squirrel, wheel, cloud, wasp, stair, jeans"
sub_033,schema_6_0,34574.700000047684,"cupcake, escalator, sink, bed, basketball, socket","table, onion, steering wheel, shelves, pumpkin, sign"
sub_033,schema_2_2,24183.099999904633,"bath, flip-flop, handle, card","school bus, map, tv, doughnut, taps, sign"
sub_033,schema_4_2,26267.599999904633,"sink, cucumber, picnic table, lights drink, tomatoes","cow, drumkit, lightbulb, chair, football, fan"
sub_033,schema_4_4,40883.40000009537,"present, pumpkin, kiwi, phonebox, rose, spade, tortilla chip, thermos","squirrel, bike wheel, cloud, wasp, stairs, jeans"
sub_034,schema_6_0,59572,"cupcake
escalator
fountain tap
bed
basketball
plug socket","table
onion
steering wheel
bookshelf
pumpkin
no smoking sign"
sub_034,schema_2_2,18231,bath sandle handle card,bus map tv donut tap no parking
sub_034,schema_4_2,25897,sink cucumber table traffic lights beer tomatos,cow drums light chair ball fan
sub_034,schema_4_4,41553,present pumpkin kiwi phone flower shovel crisp flask,squirrel wheel cloud bee stair trousers
sub_035,schema_2_2,111997.80000019073,"cupcake, escalator, tap, bed","table, onion, steering wheel, bookcase, pumpkin, sign"
sub_035,schema_4_2,97914.5,"bath, flip flop, handle, ace, wing mirror, curtain","bus, map, tv, doughnut, tap, sign"
sub_035,schema_4_4,145941.09999990463,"sink, courgette, table, traffic lights, beer, tomatos, cash machine, christmas tree","cow, drums, lightbulb, chair, ball, fan"
sub_035,schema_6_0,87949.30000019073,"present, pumpkin, kiwi, phone, rose, spade","squirrel, wheel, cloud, bee, stairs, jeans"
sub_036,schema_6_0,56451,table onion sterring wheel shelving pumpkin no smoking,oven eggs
sub_036,schema_2_2,41434,bus map tv doughnut tap no parking,steering wheel pumpkin shelving no smoking
sub_036,schema_4_2,34741.89999997616,cow drums bulb chair rugby ball fan,tv map
sub_036,schema_4_4,39596.5,squiril wheel cloud bee steps jeans,rugby ball chair 
sub_037,schema_4_2,30750,"table, onion, steering wheel, cabinet, pumpkin, no smoking sign",no idea
sub_037,schema_4_4,27369.5,"bus, map, tv, doughnut, tap, sign.",not sure
sub_037,schema_6_0,19698.29999999702,"cow, drum set, bulb, chair, ball, fan",no sure
sub_037,schema_2_2,13951,"squirrel, wheel, cloud, bee, stairs, jeans",not sure 
sub_038,schema_6_0,39230.40000000596,"Cupcake, stairs, briefcase, sofa, basketball, socket","Stand, onion, wheel, bookcase, pumpkin, sign"
sub_038,schema_2_2,45458.09999999404,"bath, flip flop, handle, card","bus, map, TV, doughnut, tap, sign"
sub_038,schema_4_2,44059.40000000596,"sink, cucumber, bench, traffic lights, beer, tomatoes ","Cow, drums, bulb, chair, rugby ball, light"
sub_038,schema_4_4,36770,"present, pumpkin, kiwi, phone, rose, spade, crisp, travel cup","Squirrel, wheel, cloud, bee, stairs, jeans"
sub_039,schema_4_4,177193.2000002861,"Cupcake, Escalator, Sink, Bed, Basketball, Socket, Pasta, Shower","Table, Onion, Steering Wheel, Shelves, Pumpkin, No Smoking Sign"
sub_039,schema_6_0,65460.40000009537,"Bath, flip flop, handle, card, wing mirror. curtain","Bus, world map, TV, doughnut, tap, no parking"
sub_039,schema_2_2,150853.40000009537,"sink, cucumber, picnic bench, traffic light","cow, drum kit, light bulb, rocking chair, American football, ceiling fan"
sub_039,schema_4_2,79998.7000002861,"Gift, Pumpkin, Kiwi, Phone, Rose, Spade","Squirrel, Bike Wheel, Cloud, Wasp, Stairs, Jeans"
sub_040,schema_4_4,282797.3999999999,"Cupcake, escalator,jewelry box, bed, basketball, socket, pasta, shower head","Coffee table, onion, steering wheel, wardrobe, pumpkin, no smoking sign "
sub_040,schema_6_0,279891.19999999925,"bath, slippers, door handle, card, car window","school bus, world map, tv, doughnut, tap, no parking sign"
sub_040,schema_2_2,223050.59999999963,"sink, cucumber, picnic table, traffic light","cow, drums, light bulb, chair, american football, ceiling fan "
sub_040,schema_4_2,90460.79999999981,"present, pumkin, kiwi, telephone, rose, showel ","squirrel, tyre. cloud, bee, stairs, jeans"
sub_041,schema_4_4,76334,"cupcake
escalator
case
bed
basketball
plug
pasta
shower","table
onion
steering wheel
bookcase
pumpkin
no smoking sign"
sub_041,schema_6_0,49218.89999985695,"bath
flip flop
handle
ace card
mirror
curtain","bus
map
monitor
doughnut
tap
no parking"
sub_041,schema_2_2,42357.299999952316,"sink
cucumber
bench
traffic light","cow
drums
lightbulb
chair
rugby ball
fan"
sub_041,schema_4_2,38842.5,"present
pumpkin
kiwi fruit
petrol pump
rose
shovel","squirrel
wheel
cloud
bee
stairs
jeans"
sub_042,schema_4_4,95292,"Cake
Escalator
Water fountain
Bed
Basketball
Plug socket
Macaroni
Shower head","Table
Onion
Steering wheel
Shelves
Pumpkin
No smoking sign"
sub_042,schema_6_0,40139,"Bathtub
Flipflop
Handle
Card
Mirror
Curtains","Schoolbus
Map
TV
Doughnut
Taps
No parking sign"
sub_042,schema_2_2,47401,"Sink
Cucumber
Table
Stop light","Cow
Drum
Bulb
Chair
American football
Ceiling fan"
sub_042,schema_4_2,45401,"Present
Pumpkin
Kiwi
Payphone
Rose
Shovel","Squirrel
Wheel
Cloud
Wasp
Stairs
Jeans"
sub_043,schema_4_4,88638.5,"cupcake, escalator, case, bed, basketball, socket, macaroni, shower head","table, onion, steering wheel, book case, pumpkin, sign"
sub_043,schema_6_0,49674.59999999986,"bath, shoe, handle, card, mirror, curtain","bus, map, tv, dougnut, tap, sign"
sub_043,schema_2_2,30986.19999999972,"sink, cucumber, table, lights","cow, drums, lightbulb, chair, football, fan"
sub_043,schema_4_2,34803.30000000028,"gift, pumpkin, kiwi, phone, rose, spade","squirrel, wheel, cloud, bee, stairs, jeans"
sub_044,schema_2_2,97233.5,"Cupcake
Elevator
Gramarphone
Bed","Table
Onion
Steering Wheel
Bookcase
Pumpkin
No smoking sign"
sub_044,schema_4_2,45359.60000002384,"Bath
Sandal
Door Handle
Playing Card
Wing Mirror
Curtain","School bus
Map
Computer Screen
Doughnut
Tap
Road Sign"
sub_044,schema_4_4,62098,"Sink
Cucumber
Picnic Bench
Traffic Lights
Beer
Tomatoes
ATM
Christmas Tree","Cow
Drum Set
Light Bulb
Chair
Ball
Fan"
sub_044,schema_6_0,42038.69999998808,"Present
Pumpkin
Kiwi
Payphone
Rose
Spade","Squirrel
Wheel
Cloud
Bee
Staircase
Jeans"
sub_045,schema_4_2,127270.5,cupcake escalator music player bed basketball plug socket,table onion wheel cupboard pumpkin not smoking sign
sub_045,schema_4_4,91332.39999997616,bathtub flip flop door handle card car mirror curtein chair salt,bus worldmap tv donut tap not parking sign
sub_045,schema_6_0,83903.09999996424,sink cucumber picnic table traffic light beerglas tomatoes,cow drums bulb rocking chair football fan
sub_045,schema_2_2,46749.69999998808,present pumpkin kiwi telephone,squirell wheel cloud bee stairs jeans
sub_046,schema_4_4,141776.80000001192,"cupcake, escalator, sink, bed, basketball, outlet, macaroni, shower","table, onion, wheel, cabinet, pumpkin, sign"
sub_046,schema_6_0,79836.30000001192,"bath, flip flop, door handle, card, mirror, curtain","bus, map, tv, donut, tap, p sign"
sub_046,schema_2_2,44998.40000000596,"sink, cucumber, table, stoplight","cow, drum, light, chair, football, fan"
sub_046,schema_4_2,51218,"present, pumpkin, kiwi, phone, rose, shovel","squirrel, bike wheel, cloud, bee, stairs, trousers"
sub_047,schema_2_2,162737.69999999786,"Cupcake
Escalator
Record Player
Bed","Table 
Red Onion 
Steering Wheel
Bookcase
Pumpkin
'No Smoking' Sign "
sub_047,schema_4_2,132519.45999998134,"Bathtub 
Flip Flop
Door Handle
Diamond Ace Card
Wing Mirror 
Curtain Panel","School Bus
World map
Television
Doughnut 
Tap
""no parking either side' sign "
sub_047,schema_4_4,104780.93000000808,"Sink
Cucumber
Picnic Bench
Traffic Lights
Pint 
Tomatoes 
ATM
Christmas Tree","Cow
Drum Set 
Light Bulb
Rocking Chair 
American Football
Fan "
sub_047,schema_6_0,110250.72499999078,"Present 
Pumpkin
Kiwi
Payphone 
Rose
Shovel","Squirrel 
Bike Wheel 
Cloud
Bee
Stairs
Jeans "
sub_048,schema_2_2,67306.89999999851,cupcake escalator water fountain bed,table onion steering wheel wardrobe pumpkin no smoking sign
sub_048,schema_4_2,76071.30000000075,bathtub flip flop knop ace window curtain,but map tv donut  metal no parking
sub_048,schema_4_4,87554.40000000224,sink cucumber table tomatoes beer tomatoes atm tree,cow drums lightbulb chair football fan
sub_048,schema_6_0,32751.60000000149,present pumpkin kiwi phone rose shovel,squirrel wheel cloud bee stairs jeans
sub_049,schema_6_0,72560.20000004768,"Cupcake, Escalator, Sink, Bed, Ball, Socket
","Table, Onion, Steering wheel, Bookcase, Pumpkin, No smoking sign."
sub_049,schema_2_2,34816.40000009537,"Bath, Flip flop, Handle, Playing card","Bus, Map, TV, Doughnut, Taps, No parking sign"
sub_049,schema_4_2,37888.799999952316,sink cucumber table traffic lights beer tomatoes,cow drums lightbulb rocking chair rugby ball ceiling fan
sub_049,schema_4_4,358698.90000009537,"Present, pumpkin, kiwi, phone, rose, shovel, tortilla chip, cup","Squirrel, tyre, cloud, wasp, stairs, jeans"
sub_050,schema_6_0,74514.80000001192,"cupcake, escalator, water fountain, bed, basketball, plug","table, onion, steering wheel, shelf, pumpkin, sign"
sub_050,schema_2_2,76519.5,"bath, flip flop, handle, card","bus, map, tv, donut, tap, sign"
sub_050,schema_4_2,38828,"sink, cucumber, table, lights, drink, tomatoes","cow, drums, bulb, chair, rugby ball, fan"
sub_050,schema_4_4,33705.29999998212,"present, pumpkin, kiwi, phone, rose, shovel, tortilla, flask","squirell, wheel, cloud, bee, stairs, jeans"
sub_051,schema_4_2,216156.59999999404,cupcake escalator radio  bed double socket,coffee table red onion  steering wheel  book case pumpkin and no smoking sign
sub_051,schema_4_4,158533.10000002384,bath flip flop door handle playing card wing mirror curtain chair condiment pot ,bus map screen dounut tap no parking sign
sub_051,schema_6_0,135466.29999998212,sink cucumber bench traffic lights glass with juice drink tomatoes ,cow  drum set lightbulb rocking chair baseball ball fan 
sub_051,schema_2_2,90395.30000001192,present pumpkin kiwi fruit telephone ,squirrel bike wheel cloud wasp steps jeans 
sub_052,schema_6_0,418947.40000000596,"Cupcake, escalator, Music box, king size bed, Basketball, Plug.","Table, Onion, Wheel, Wardrobe, pumpkin, sign"
sub_052,schema_2_2,1164006.600000009,"Tub, flipflop, mophandle, card","Bus, Map, TV, Donates, sign"
sub_052,schema_4_2,208460.90000000596,"bath sink,  cucumber, wooden table, liet, glass, tomatoes","cow,  dumbs, led ,chair, American football ball, airsplash "
sub_052,schema_4_4,161084.19999998808,"Present, pumpkin, kiwi, public telephone, rose, shovel, crackers, thermos cup","squirrel, bicycled while, cloud, bee, stairs, jeans"
sub_053,schema_2_2,150598.69999999925,"Cupcake, Escalator, Record player? Bed","Table, onion? Steeting wheel, shelving unit? Pumpkin? No smoking sign"
sub_053,schema_4_2,120663.90000000037,"Box?, show, door handle, playing card, car mirror, curtain","Bus, map, tv, donut, tap, no parking sign?"
sub_053,schema_4_4,114695.40000000037,"Sink, cucumber? table, traffic lights, pint, tomatoes, thermostat? Christmas tree","Cow, drums, bulb, chair, football, fan"
sub_053,schema_6_0,80354.20000000112,"Present, pumpkin, kiwi, phone, rose, trowel","squirrel, wheel, cloud, bee, steps, jeans"
sub_054,schema_4_4,86280.89999999944,"Cupcake, escalator, water fountain, bed, basketball, socket, macaroni, shower head","table, onion, steering wheel, shelf, pumpkin, no smoking sign"
sub_054,schema_6_0,1759863,"Bath, flip flop, handle, card, wing mirror, curtain","bus, map, tv, donut, tap, no parking sign"
sub_054,schema_2_2,73502.30000000075,"sink, cucumber, bench, traffic light","cow, drum kit, light bulb, rocking chair, rugby ball, fan"
sub_054,schema_4_2,46753.79999999888,"present, pumpkin, kiwi, payphone, rose, spade","squirrel, bike tire, cloud, bee, stairs, jeans"
sub_055,schema_4_2,77816,"cupcake, escalator, vinyl player?, bed, basketball, wall socket ","table,onion,steering wheel, bookcase, pumpkin, no smoking sign"
sub_055,schema_4_4,121099,"footbath, sandle, handle,ace of spades card, mirror, curtain, chair, pepper shaker","american school bus, map of the world, tv, donut, taps, no parking sign?"
sub_055,schema_6_0,81545,"sink, cucumber, bench, american traffic lights?,3rd of a pint of guinness, plum tomatoes ","cow, drums, light bulb, chair, american football, ceiling fan"
sub_055,schema_2_2,108015,"present, pumpkin, kiwi,payphone","squirrel, bike wheel, cloud, bee, stairs probably to a bridge over a train line within a train station the type you see in a village because they don't have tunnels, jeans "
sub_056,schema_2_2,103601.80000019073,cupcake; escalator; suitcase?; double bed,table; onion; driving wheel; bookshelf; pumpkin; no-smoking sign
sub_056,schema_4_2,101947.2000002861,bath; flip-flop; door handle; playing card; car mirror; curtain,school bus; map; TV; donut; tap; no-parking sign
sub_056,schema_4_4,92806.59999990463,sink; cucumber; bench; traffic light; guinness; tomatoes; ATM; christmas tree,cow; drum kit; lightbulb; rocking chair; American football; ceiling fan
sub_056,schema_6_0,57497,present; pumpkin; kiwi fruit; payphone; rose; shovel,squirrel; bicycle wheel; cloud; bee; staircase; trousers
sub_057,schema_4_4,94177.40000000596,"Cupcake, elevator, water fountain, bed, basketball, socket, pasta, showerhead","Table, onion, steering wheel, cabinet, pumpkin, no smoking sign"
sub_057,schema_6_0,50583.69999998808,"bathtub, sandal, door handle, ace of diamonds, wing mirror, curtain","school bus, world map, tv, donut, tap, no parking sign"
sub_057,schema_2_2,39060.09999999404,"sink, cucumber, picnic table, traffic lights","cow, drums, lightbulb, chair, american football, ceiling fan"
sub_057,schema_4_2,32435.5,"present, pumpkin, kiwi, payphone, flower, shovel","squirrel, bike wheel, cloud, bee, stairs, jeans"
sub_058,schema_2_2,93708.59999999776,"cupcake, escalator, tin can, bed","table, red onion, steering wheel, shelf, pumpkin, no smoking sign"
sub_058,schema_4_2,58583.10000000149,"bathtub, sandal, door handle, playing card, side mirror, curtain","school bus, world map, monitor, doughnut, tap, no parking sign"
sub_058,schema_4_4,56506.89999999851,"sink, cucumber, bench, traffic light, pint of drink, tomatoes, cash machine, christmas tree","cow, drum kit, lightbulb, chair, american football, ceiling fan"
sub_058,schema_6_0,37820.699999999255,"present, pumpkin, kiwi, telephone, rose, shovel","squirrel, tyre, cloud, bee, stairs, jeans"
sub_059,schema_4_4,87210.70000000019,cupcake escalator water fountain bed basketball socket macaroni showerhead,table onion steering wheel shelves pumpkin sign
sub_059,schema_6_0,52793,bath flipflop door handle playing card wing mirror curtain,bus map tv doughnut tap sign
sub_059,schema_2_2,128833.39999999944,sink cucumber table traffic lights,cow drums bulb chair football fan
sub_059,schema_4_2,51563.200000000186,present pumpkin kiwi phone rose shovel,squirrel wheel cloud bee stairs jeans
sub_060,schema_4_2,73961,"Cupcake, escalator, fountain, bed, basketball, socket","Table, onion, steering wheel, bookshelf, pumpkin, sign"
sub_060,schema_4_4,71365,"Bathtub, sandal, handle, card, mirror, curtain, chair, salt","Bus, map, tv, doughnut, faucet, sign"
sub_060,schema_6_0,43455.5,"Sink, cucumber, table, light, beer, tomato","Cow, drums, bulb, chair, ball, fan"
sub_060,schema_2_2,37273,"Present, pumpkin, kiwi, payphone","Squirrel, wheel, cloud, bee, stairs, jean"
sub_061,schema_4_2,157069,"cupcake, escalator, TV, bed, ball, electricity socket","table, onion, steering wheel, bookcase, pumpkin, no smoking sign"
sub_061,schema_4_4,69929,"bath, flip flop, door handle, playing card, wing mirror, curtain, chair, salt shaker","school bus, world map, TV, donut, tap, no parking sign"
sub_061,schema_6_0,57839,"sink, cucumber, picnic bench, traffic light, beer, tomatoes","cow, drum kit, lightbulb, rocking chair, rugby ball, ceiling fan"
sub_061,schema_2_2,47970,"gift, jack o lantern, kiwi, public telephone","squirrel, bike wheel, cloud, bee, stairs, jeans"
sub_062,schema_6_0,104469.69999998808,"Cupcake, escalator, sink, bed, basket ball, socket","Table, onion, steering wheel, forniture, pumpink, no smoke sign"
sub_062,schema_2_2,91304.5,"box, flip flop, door handle, card","Bus, map, screen, donought, sink, sign"
sub_062,schema_4_2,50984.10000002384,"Sink, Cucomber, table, traffic light, Beer, tomatoes","cow, drum, light bulb, chair, rugby ball, fan"
sub_062,schema_4_4,54478.80000001192,"present,pumpink, kiwi, phone, rose, shovel, tortillas, mug","squirrel, wheel, cloud, bee, ladder, jeans"
sub_063,schema_4_4,76250.30000001192,"cupcake, escalator, fountain, bed, basketball, outlet, pasta, showerhead.","table, onion, steering wheel, shelves pumpkin, no smoking sign."
sub_063,schema_6_0,50076.59999999404,"bath, sandal, door handle, playing card, wing mirror, curtain.","school bus, map, television, doughnut, tap, no parking sign."
sub_063,schema_2_2,41048,"sink, cucumber, bench, traffic light","cow, drum kit, light bulb, chair, football, fan"
sub_063,schema_4_2,54463.60000000894,"present, pumpkin, kiwi, phone, rose, shovel.","squirrel, wheel, cloud, bee, stairs, jeans."
sub_064,schema_4_2,88089.20000000298,"Cupcake, stairs, sink, bed, basket ball, socket","table, onion, steering, bookshelf, pumpkin, no smoking sign"
sub_064,schema_4_4,67312.29999999702,"bath tub, flipflop, door knob, card, side mirror, curtain, chair, shaker","bus, map, monitor, donut, tap, no parking sign"
sub_064,schema_6_0,59261.40000000596,"sink, cucumber, bench, traffic lights, wine glass, tomatoes","cow, drums, bulb, chair, ball, fan"
sub_064,schema_2_2,53807.29999999702,"gift, pumpkin, kiwi, fuel machine","squirrel, wheel, cloud, bee, stairs, pants"
sub_065,schema_4_2,81063.19999999925,"Cake, escalator, drinking fountain?, bed, basketball, power socket","Table, onion, steering wheel, bookcase, pumpkin, no smoking sign."
sub_065,schema_4_4,80262.29999999702,"Bath, flip flop, door handle, playing card, wing mirror, curtain, chair, salt shaker.","School bus, World map, Television, Donut, Taps, No parking sign."
sub_065,schema_6_0,70643.60000000149,"Sink, cucumber, picnic table, lights, drink, tomatoes","Cow, drumkit, bulb, rocking chair, American football, ceiling fan"
sub_065,schema_2_2,53534.099999997765,"Present, pumpkin, kiwi, phone","squirrel, bike wheel, cloud, bee, stairs, jeans"
sub_066,schema_4_4,133013.90000003576,"Cupcake, escalator, drinking fountain, bed, ball, socket, pasta, shower head","table, onion, steering wheel, shelf, pumpkin, no smoking sign"
sub_066,schema_6_0,135213.70000004768,"Bath, flip flop, door handle, playing card, side car mirror, curtain","School bus, world map, tv screen, donut, tap, no parking sign"
sub_066,schema_2_2,98947.09999996424,"Sink, cucumber, picnic bench, traffic light","Cow, drum set, bulb, chair, american footaball, ceiling fan"
sub_066,schema_4_2,91040.40000003576,"Present, halloween pumpkin, kiwi, public phone, rose, spade","Squirrel, bicycle wheel, cloud, wasp, stairs, jeans"
sub_067,schema_4_2,93764.39999997616,"cupcake
escalator
record player
bed
basketball
plug socket","table
onion
steering wheel
wall unit
pumpkin
no smoking sign"
sub_067,schema_4_4,55737.10000002384,"bath
flip flop
door handle
playing card
wing mirror
curtain
chair
salt shaker","bus
map
tv
donut
taps
sign"
sub_067,schema_6_0,47869.5,"basin
cucumber
bench
traffic lights
pint
tomatoes","cow
drumset
light bulb
rocking chair
rugby ball
ceiling fan"
sub_067,schema_2_2,42498.30000001192,"present
pumpkin
kiwi
telephone box","squirrel
bicycle tyre
cloud
wasp
stairs
jeans"
sub_068,schema_4_4,97862.5,"Cupcake
elevator
water fountain
bed
basketball
socket
pasta
showerhead","table
onion
steering wheel
bookcase
pumpkin
no smoking sign"
sub_068,schema_6_0,53424.40000000596,"bath
flipflop
door handle
playing card
wing mirror
curtain","bus
map
television
donut
tap
no parking sign"
sub_068,schema_2_2,57149.10000002384,"sink
cucumber
picnic table
traffic lights","cow
drumkit
lightbulb
rocking chair
american football
ceiling fan"
sub_068,schema_4_2,74136.90000000596,"present
carved pumpkin
kiwi fruit
payphone
rose
shovel","squirrel
tyre
clowd
wasp
staircase
jeans
"
sub_069,schema_6_0,133389.80000000005,"cupcake, escalator, water fountain, bed, basket ball, plug socket","table, onion, steering wheel, book shelf, pumpkin, no smoking sign"
sub_069,schema_2_2,78877.59999999986,"bath, flipflop, door handle, playing card","bus, map, TV, donut, taps, no parking sign"
sub_069,schema_4_2,90548.59999999986,"sink basin, cucumber, wooden table, traffic lights, glass of beer, tomatoes","cow, drum kit, light bulb, chair, rugby ball, wall fan. "
sub_069,schema_4_4,80354,"present, pumpkin, kiwi, telephone, flower, shovel, nacho, flask","squirrel, bicycle wheel, cloud, bee, stairs, jeans"
sub_070,schema_6_0,75933.09999999404,"Cupcake, escalator, record player, bed, ball, socket.","Table, onion, steering wheel, shelf, pumpkin, no smoking sign"
sub_070,schema_2_2,45065.70000001788,"bath, flip flop, handle, ace card","bus, map, tv, doughnut, tap, sign"
sub_070,schema_4_2,47298.39999997616,"sink, cucumber, bench, traffic lights, drink, tomatoes","cow, drum kit, bulb, chair, rugby ball, fan"
sub_070,schema_4_4,129908.69999998808,"present, pumpkin, kiwi, phone, rose, shovel, crepe, flask","squirrel, tyre, cloud, bee, stairs, jeans"
sub_071,schema_4_2,78488.79999999993,cupcake escalator drink fountain king bed basketball power outlet,small table red onion steering wheel book shelf pumpkin no smoking sign
sub_071,schema_4_4,76096.59999999986,bathtub sandle door handle ace of diamond wing mirror curtain folding chair salt shaker,school bus world map tv doughnut faucet no parking sign
sub_071,schema_6_0,55296.10000000009,sink cucumber picknick table stop lights pint of cola cherry tomato,cow drum set lightbulb rocking chair american footbal fan
sub_071,schema_2_2,37817.799999999814,gift carved pumpkin kiwi payphone,squirrel bike wheel cloud bee stairs jeans
sub_072,schema_6_0,55071.60000000149,"cupcake, escalator, record player, bed, basketball, socket","table, onion, steering wheel, bookshelf, pumpkin, no smoking sign"
sub_072,schema_2_2,24430.39999999851,bath flip flip handle card,bus map tv donut tap no parking sign 
sub_072,schema_4_2,26667.5,sink cucumber bench lights pint tomato,cow drum bulb chair ball fan
sub_072,schema_4_4,31387.20000000298,present pumpkin kiwi phone rose spade crisp flask,squirrel wheel cloud bee stairs jeans
sub_073,schema_6_0,84251,"cupcake, escelater, lock, bed, basketball, socket","table, onion, steering wheel, shelving, pumpkin, no smoking sign"
sub_073,schema_2_2,36762.19999998808,"bath, flip flop, handle, card","bus, map, tv, doughnut, taps, sign"
sub_073,schema_4_2,42815.60000002384,"sink, cucumber, bench, lights, pint, tomatoes","cow, drums, bulb, chair, ball, fan"
sub_073,schema_4_4,53375.40000000596,"present, pumpkin, kiwi, phone, rose, spade, dorrito, flask","squirrel, wheel, cloud, bee, stairs, trousers"
sub_074,schema_2_2,103410.79999999702,"cupcake, escalator, letterbox, bed","table, onion, steering wheel, cabinet, pumpkin, no smoking sign"
sub_074,schema_4_2,67916,"bathtub, sandal, door handle, ace card, wing mirror, curtain","schoolbus, map, television, donut, bath tab, no parking sign"
sub_074,schema_4_4,57398,"sink, cucumber, bench, traffic light, mixer, tomato, cash point, christmas tree","cow, drum kit, lightbulb, chair, american football, fan"
sub_074,schema_6_0,32292.69999999553,"present, pumpkin, kiwi, telephone, rose, spade","squirrel, bike wheel, cloud, bee, stairs, jeans"
sub_075,schema_4_4,173536.89999997616,"Cupcake
Escalator
Water fountain
Bed
Basketball
Socket
Macaroni
Shower head","Table
Onion
Steering wheel
Cabinet
Pumpkin
No Smoking sign"
sub_075,schema_6_0,100194.69999992847,"Bathtub
Sandle
Door handle
Playing card
Wing mirror
Curtain","Schoolbus
World map
Television
Donut
Tap
No Parking sign
"
sub_075,schema_2_2,80407.89999997616,"Sink
Cucumber
Bench
Traffic lights
","Cow
Drums
Light bulb
Wooden chair
American football ball
Ceiling fan"
sub_075,schema_4_2,64050.200000047684,"Present
Carved pumpkin
Kiwi
Public telephone
Flower
Shovel","Squirrel
Bicycle wheel
Cloud
Wasp
Metal stairs
Jeans"
sub_076,schema_6_0,70132.10000000149,"Cupcake, elevators, suitcase, bed, basketball, plug socket","Table, onion, steering wheel, bookcase, pumpkin, no smoking sign"
sub_076,schema_2_2,41898.69999999553,"Bath, flip flop, door handle, ace card","Bus, map, TV, doughnut, tap, No parking sign"
sub_076,schema_4_2,44683,"Sink, cucumber, picnic bench, traffic lights, beer glass, tomatoes","Cow, drums, bulb, chair, rugby ball, fan"
sub_076,schema_4_4,39683.5,"Present, pumpkin, kiwi, telephone, rose, spade, tortilla chip, flask","Squirrel, bike tyre, cloud, wasp, stairs, jeans"
sub_077,schema_4_2,144787.20000000112,"Cupcake, staircase, box, bed, ball, electric socket","Table, onion, wheel, book shelf, pumkin, non-smoking sign"
sub_077,schema_4_4,59593.29999999888,"Bath, slipper, handle, card, car window, curtains, chair, salt shaker","Bus, map, TV, doughnut, tap, sign "
sub_077,schema_6_0,68122.79999999888,"sink, cucumber, picnic table, traffic light, a glass of coca cola or beer, tomatoes","cow, drums, light bulb, chair, American football ball, ventilator"
sub_077,schema_2_2,55311.59999999963,"Gift, pumkin, kiwi, telephone booth","Squirrel, bike wheel, cloud, bee, stairs, jeans"
sub_078,schema_6_0,38122.79999999702,cake escalator sink bed ball socket,table onion wheel bookcase pumpkin sign
sub_078,schema_2_2,20576.59999999404,bath flipflop handle card,bus map tv donut tap sign
sub_078,schema_4_2,20836.29999999702,sink cucumber bench lights beer grapes,cpw drums lightbulb chair ball fan
sub_078,schema_4_4,27379,present pumpkin avocado phone flower spade chip cup,squirrel wheel cloud bee stairs jeans
sub_079,schema_4_4,206272.20000000298,"Cupcake, Escalator, Sink, Bed, Basketball, Socket, Pasta, Shower Head","Table, Onion, Steering Wheel, Shelf, Pumpkin, No-Smoking Sign"
sub_079,schema_6_0,108464.09999999404,"Bathtub, Flip Flop / Slipper, Door Handle, Playing Card, Car Mirror, Curtain","Bus, Map, TV, Doughnut, Faucet, No Parking Sign"
sub_079,schema_2_2,138583.29999999702,"Sink, Cucumber, Table, Traffic Light","Cow, Drums, Light Bulb, Chair, Football, Fan"
sub_079,schema_4_2,109034.09999999404,"Present, Pumpkin, Kiwi, Phone, Rose, Shovel","Squirrel, Bicycle Wheel, Cloud, Bee, Stairs, Jeans"
sub_080,schema_2_2,57055.09999999404,"cake, stairs, record player, bed","table, onion, steering wheel, shelves, pumpkin, smoking sign"
sub_080,schema_4_2,36064.40000000596,"bath, flipflop, handle, card, wing mirror, curtain","bus, map, tv, donut, tap, no parking"
sub_080,schema_4_4,43658.80000001192,"sink, cucumber, table, lights, beer, tomatoes, cash machine, christmas tree","cow, drums, light bulb, chair, ball, fan"
sub_080,schema_6_0,41191,"gift, pumpkin, kiwi, phone, rose, spade","squirrel, tyre, cloud, wasp, stairs, jeans"
sub_081,schema_2_2,81776.79999999702,"cake, escalator, fountain, bed","table, onion, wheel, cupboard, pumpkin, sign"
sub_081,schema_4_2,43635.79999999702,"bath, flip-flop, knob, card, wingmirror, curtain","bus, map, tv, doughnut, tap, sign"
sub_081,schema_4_4,82506.79999999702,"sink, cucumber, table, traffic light, pint, tomato, atm, Christmas tree","cow, drums, bulb, chair, football, fan"
sub_081,schema_6_0,50068,"present, pumpkin, kiwi, phone, rose, spade","squirrel, wheel, cloud, wasp, stairs, jeans"
sub_082,schema_2_2,107501.89999999944,"Cupcake, Escalator, Drink Fountain, Bed","Coffee Table, Onion, Steering Wheel, Book shelf, Pumpkin, No Smoking Sign"
sub_082,schema_4_2,129990.60000000056,"Bathtub, Sandal, Doorknob, Playing Card, Car Mirror, Curtain","School Bus, Map, TV, Doughnut, Tap, No Parking Sign"
sub_082,schema_4_4,73287.79999999981,"Sink, Cucumber, Table, Traffic Lights, Pint of Beer, Tomatoes, ATM, Christmas Tree","Cow, Drum set, Lightbulb, Chair, Football, Ceiling Fan"
sub_082,schema_6_0,71868,"Present, Pumpkin, Kiwi, Payphone, Rose, Shovel","Squirrel, Bike Wheel, Cloud, Bee, Stairs, Jeans"
sub_083,schema_6_0,126993,"cupcake, escalator, old computer?, bed, basketball, socket","table, onion, steering wheel, bookshelf, pumpkin, no smoking sign"
sub_083,schema_2_2,53646,"bathtub, flipflop, handle, card.","bus, map, monitor, donut, tap, no parking sign."
sub_083,schema_4_2,64761.39999999851,"sink, cucumber, picnic table, railway lights, pint, tomatoes","cow, drums, lightbulb, chair, american football, ceiling fan"
sub_083,schema_4_4,86145.60000000149,"present, jack o lantern, kiwi, telephone, rose, shovel, baby hat, thermos cup","squirrel, bike wheel, cloud, hornet, stairs, jeans"
sub_084,schema_2_2,37449.699999809265,"Cupcake, escalator, record player, bed","Table, onion, steering wheel, cabinet, pumpkin, no smoking sign"
sub_084,schema_4_2,46930.5,"bath, sandal, handle, card, wing mirror, curtain","bus, map, screen, donut, taps, no parking sign"
sub_084,schema_4_4,55242.199999809265,"Sink, cucumber, bench, traffic lights, beer, tomatos, cash machine, christmas tree","cow, drums, lightbulb, chair, football, fan"
sub_084,schema_6_0,37749.199999809265,"present, pumpkin, kiwi, phone, rose, shovel","squirrel, wheel, cloud, bee, stairs, jeans"
sub_085,schema_4_4,77516.5,"Cupcake
Escalator
Record Player
Bed
Basketball
Plug Socket
Pasta
Shower Head","Table
Onion
Steering Wheel
Bookshelf
Pumpkin
No Smoking"
sub_085,schema_6_0,63851.799999952316,"Drawer
Flip Flop
Handle
Card
Mirror
Curtain","Bus
Map
TV
Doughnut
Hook
Sign"
sub_085,schema_2_2,27621.60000014305,"Sink
Cucumber
Table
Lights","Cow
Drums
Bulb
Chair
Ball
Fan"
sub_085,schema_4_2,40721.60000014305,"Gift
Pumpkin
Kiwi
Phone
Rose
Spade","Squirrel
Wheel
Cloud
Wasp
Stairs 
Jeans"
sub_086,schema_4_2,112086.69999980927,"cake, escalator, tap, bed, basketball, socket","table, onion, steering wheel, shelf, turnip, no smoking sign"
sub_086,schema_4_4,84866.2999997139,"bath, sandal, door handle, card, wingmirror, curtain, chair, salt","bus, map, tv, donut, tap, no parking sign"
sub_086,schema_6_0,76664.30000019073,"sink, cucumber, balcony, traffic lights, beer, tomatoes","cow, drums, lead, chair, rugby ball, chandelier "
sub_086,schema_2_2,75025.89999961853,"present, pumpkin, fruit, telephone","squirrel, wheel, cloud, bee, steps, jeans"
sub_087,schema_4_2,197366.60000002384,"ice-cream
Stair
box
bed
baseball
switch","table
cut onion
stearing
cupboard
whole onion
signage"
sub_087,schema_4_4,143183.70000004768,"bath tub
slippers, door handle, board, car side mirror
curtain, chair, seasoning container","school bus, map, tv set, doughnut, tap, signage"
sub_087,schema_6_0,84685,"sink, cucumber, table, traffic light, torch, tomatoes","cow, band set, bulb, chair, handball, ceiling fan"
sub_087,schema_2_2,4109476.600000024,"bed, apple, fruit calculator","fox, bicycle wheel, cloud, bee, step, jean"
sub_088,schema_4_4,39414.799999952316,"Cake, Stairs, Box, Bed, Ball, Plug, Psata, Shower","table, onion steering wheel, bookcase, pumpkin, sign"
sub_088,schema_6_0,62047.39999997616,"Bath, Flipflop, Handle, Card, Mirror, Curtain","Bus, Map, TV, Doughbut, Tap, Sign"
sub_088,schema_2_2,69108.69999992847,"sink, cucumber, bench, traffic lights","cow, drums, lightbulb, chair, ball, fan"
sub_088,schema_4_2,429919.5,"present, pumpkin, kiwiw, phone, rose, shovel","squirrel, wheel, cloud, wasp, stairs, jeans"
sub_089,schema_6_0,113140.60000002384,"cupcake, escalator, water fountain, bed, basketball, socket","table, onion, steering wheel, shelfs, pumpkin, no smoking sign"
sub_089,schema_2_2,83583.39999997616,"bath, flip flop, handle, card","bus, world map,tv,doughnut,tap,no parking sign"
sub_089,schema_4_2,68007,"sink, cucumber, table, traffic lights,beer,tomatoes","cow, drums,light bulb,chair,football,fan"
sub_089,schema_4_4,100788.70000004768,"present,pumpkin,kiwi,phone,rose,spade,crisp,coffee mug","squirrel,wheel,cloud,wasp,railing,jeans"
sub_090,schema_4_2,85514.80000001192,"Cupcake, escalator, sink, bed, basketball, plug socket","table, onion, steering wheel, bookshelf, pumpkin, sign"
sub_090,schema_4_4,65075.19999998808,"Bath, Flipflop, door handle, card, wingmirror, curtain, chair, salt
","bus, map, tv, donut, tap, sign"
sub_090,schema_6_0,63263.10000002384,"Sink, cucumber, bench, traffic light, pint, tomatoes","cow, drums, lightbulb, chair, football, fan"
sub_090,schema_2_2,41542.59999996424,"Present, Pumpkin, Kiwi, phone","Squirrel, Wheel, Cloud, Wasp, Stairs, Jeans"
sub_091,schema_6_0,60640.40000009537,cupcake stairs record player bed ball plug,table onion steering wheel shelf pumpkin sign
sub_091,schema_2_2,30176.10000014305,bath flipflop handle card,bus map tv donut tap sign
sub_091,schema_4_2,38689.799999952316,sink cucumber bench lights beer tomatoes ,cow drums bulb chair ball fan
sub_091,schema_4_4,43236.10000014305,present pumpkin kiwi phone rose spade crisp cup,squarile wheel cloud bee stairs jeans
sub_092,schema_2_2,77833.20000004768,"Cupcake, escalator, drinking fountain, bed","table, onion, steering wheel, cupboard, pumpkin, no-smoking sign"
sub_092,schema_4_2,63024.799999952316,"bath, flip flop, door handle, playing card, wing mirror, curtain","bus, map, tv, donut, tap, no-parking sign"
sub_092,schema_4_4,77883.79999995232,"sink, cucumber, bench, traffic lights, guiness, tomatoes, atm, christmas tree","cow, drum set, light bulb, rocking chair, american football, ceiling fan"
sub_092,schema_6_0,115642.80000007153,"present, pumpkin, kiwi, phone, rose, shovel","squirrel, bike wheel, cloud, bee, stairs, trousers"
sub_093,schema_6_0,56012.59999999963,"cupcake, escalator, open box, bed, basketball, plug socket","round table, onion, steering wheel, cabinet, pumpkin, no smoking sign"
sub_093,schema_2_2,43018.40000000037,"bathtub, sandal, door handle, card","school bus, map, tv, donut, tap, no parking sign"
sub_093,schema_4_2,90648.69999999925,"sink, cucumber, bench, traffic lights, beer glass, cherry tomatoes","cow, drum set, bulb, chair, football, ceiling fan"
sub_093,schema_4_4,52053.70000000112,"present, pumpkin, kiwi, phone, rose, shovel, nacho, thermo","squirrel, bicycle wheel, cloud, bee, stairs, jeans"
sub_094,schema_4_2,56643.700000047684,"Cake, Escalator, Sink, Bed, Basketball, Plug Socket","Table, Onion, Steering wheel, Book Shelf, Pumpkin, Non-Smoking Sign"
sub_094,schema_4_4,41636.89999997616,"Bath, Flip Flop, Handle, Card, Wing Mirror, Curtain, Chair, Salt Shaker","Bus, Map, TV, Donut, Tap, No Parking Sign"
sub_094,schema_6_0,46886.40000009537,"Sink, Cucumber, Table, Traffic Lights, Guinness, Tomatoes","Cow, Drums, Lightbulb, Chair, Ball, Fan"
sub_094,schema_2_2,28485.799999952316,"Present, Pumpkin, Kiwi, Telephone","Squirrel, Wheel, Cloud, Bee, Stairs, Jeans"
sub_095,schema_2_2,67347.90000000596,"cupcake, escalator, sink, bed","table, onion, steering wheel, shelf, pumpkin, no smoking sign"
sub_095,schema_4_2,108082.89999999106,bath sandal handle card mirror curtain,bus map tv donut tap sign
sub_095,schema_4_4,40861.79999999702,sing cucumber bench traffic light glass tomato atm tree,cow drums bulb chair ball fan
sub_095,schema_6_0,109915.90000000596,present pumpkin kiwi phone rose shovel,squirrel wheel cloud wasp stairs jeans
sub_096,schema_4_4,64743,"cake, stairs, box, bed, ball, socket, pasta. shower","table, onion. steering wheel, bookcase, pumpkin, sign"
sub_096,schema_6_0,29826,"bath, shoe, handle, card, mirror, curtain","bus, map, tv, doughnut, tap, sign"
sub_096,schema_2_2,29991,"sink. cucumber, bench, lights","cow, drums, light, chair, ball, fan"
sub_096,schema_4_2,66354,"gift, pumpkin, kiwi, phone, role, shovel","squirrel, wheel. cloud, bee, stairs. jeans"
sub_097,schema_4_2,185225.59999990463,"cupcake, moving stairs, sink, bed, ball, socket","table, onion, driving wheel, cupboard, pumpkin, sign"
sub_097,schema_4_4,103809.20000004768,"bath, flip flop, handle, card, mirror, curtain, chair, salt","bus, map, tv, donut, tap, sign"
sub_097,schema_6_0,80414.20000004768,"sink, cucumber, table, lights, pint, tomatoes","cow, drums, bulb, chair, ball, fan"
sub_097,schema_2_2,104071.79999995232,"gift, pumpkin, kiwi, phone","squirrel, wheel, cloud, bee, stairs, trousers"
sub_098,schema_4_4,82365,"cake, escalator, sink, bed, basketball, socket, macaroni, shower head.","table, red onion, steering wheel, bookcase, pumpkin, no smoking sign."
sub_098,schema_6_0,55040.90000000037,"bathtub, slider, doorhandle, card, wing mirror, curtain","bus, map, TV, doughnut, tap, Sign"
sub_098,schema_2_2,46919.800000000745,"sink, cucumber, bench, lights","cow, drums, lightbulb, chair, football, fan"
sub_098,schema_4_2,50328.300000000745,"present, pumpkin, kiwi, phone, rose, spade","squirrel, wheel, cloud, bee, stairs, jeans"
sub_099,schema_4_2,95387.80000001192,TABLE ONION WHEEL DRAWERS PUMPKIN SIGN,CORN EGGS SOFA
sub_099,schema_4_4,73985.90000003576,BUS MAP PC DOUGHNUT TAP SIGN,WHEEL ONION DRAWERS STOPSIGN 
sub_099,schema_6_0,56671.40000003576,COW DRUMS BULB CHAIR BALL FAN,MAP PC DOUGHNUT BUS TAP SIGN
sub_099,schema_2_2,86627.39999997616,SQUIRREL WHEEL CLOUD WASP STAIRS TROUSERS,BALL CHAIR DRUMS BULB FAN 
sub_100,schema_4_2,67317.89999997616,"Cupcake, escalator, sink, bed, basketball, socket","table, onion, steering wheel, bookcase, pumpkin, no smoking sign"
sub_100,schema_4_4,49763.39999997616,"bathtub, flip flop, door handle, ace of spades, wing mirror, curtain, chair, salt shaker","school bus, map, tv, donut, tap, no parking sign"
sub_100,schema_6_0,53510,"sink, cucumber, bench, traffic light, guiness, tomatoes","cow, drumkit, light, rocking chair, american football, ceiling fan"
sub_100,schema_2_2,41681.59999996424,"present, pumpkin, kiwi, phone","squirrel, wheel, cloud, bee, staircase, jeans"
sub_101,schema_2_2,55012,"Cupcake, Electric Stairs, Turntable, Bed","Table, Onion, Wheel, Library, Pumpkin, Sign"
sub_101,schema_4_2,43180,"Bathtub, Flipflop, Handle, Card, Mirror, Drape","Bus, Map, TV, Donut, Pipe, Sign"
sub_101,schema_4_4,47045,"Sink, Cucumber, Picnic table, Trafic light, Beer, Tomatoes ATM, Christmas tree","Cow, Drums, Bulb, Chair, Football, Fan"
sub_101,schema_6_0,33489,"Gift, Pumpkin, Kiwi, Telephone, Rose, Shovel","Squirrel, Wheel, Cloud, Bee, Stairs, Trousers"
sub_102,schema_6_0,60781,"CUPCAKE, STAIRS,RECORD PLAYER, BED, BASKETBALL AND PLUG","TABLE, ONION, STEERING WHEEL. BOOKSHELF. PUMPKIN AND NO SMOKING"
sub_102,schema_2_2,28450.800000000047,"BATH, FLIPFLOP. DOOR HANDLE, CARD","BUS, MAP. TV, DONUT, TAP, SIGN"
sub_102,schema_4_2,37584.200000000186,"SINK, CUCUMBER, TABLET, TRAFFIC LIGHTS, CUP, TOMATOES","COW, DRUMS, LIGHTBULB, CHAIR, BALL, FAN"
sub_102,schema_4_4,40967.299999999814,"PRESENT, PUMPKIN, KIWI, PHONE, ROSE, SPADE, CRISP, CUP","SQUIRRELL, WHEEL, CLOUD, BEE, STAIRS, JEANS"
sub_103,schema_4_2,76783.59999999963,"Cupcake, escalator, record player, bed, basketball, light switch","table, red onion, steering wheel, bookcase, pumpkin, no smoking sign"
sub_103,schema_4_4,58915.800000000745,"bath, flip flop, door handle, playing card, wing mirror, curtain, chair, salt","bus, map, tv, doughnut, taps, no parking sign"
sub_103,schema_6_0,50448.699999999255,"sink, cucumner, bench, traffic lights, pint beer, tomatoes","cow, drums, light, chair, rugby ball, ceiling fan"
sub_103,schema_2_2,35870.79999999888,"present, pumpkin, kiwi, telephone box","squirrel, bike wheel, cloud, bee, stairs, jeans"
sub_104,schema_6_0,60534,"Cupcake, escalator, briefcase, bed, basketball, plug"," table, onion, steering wheel, shelves, pumpkin, sign"
sub_104,schema_2_2,29739,"Bath, flip, flop, door handle, card","Bus, map, TV, donut, tap, sign"
sub_104,schema_4_2,51735,"Sink, cucumber, bench, lights, glass, tomatoes","cow, drums, bulb, chair, ball, fan"
sub_104,schema_4_4,55936,"present, pumpkin, kiwi, phone, rose, spade, chip, mug","Squirel, tire, cloud, wasp, stairs, jeans"
sub_105,schema_2_2,49969.699999999255,"Cupcake
Escalator
Drinking Fountain
Bed","Table
Onion
Steering Wheel
Shelves
Pumpkin
No Smoking Sign"
sub_105,schema_4_2,146502.5,"Bath
Sandal
Door Handle
Card
Car mirror
Curtains","Bus
Map
TV
Donut
Tap
No Parking "
sub_105,schema_4_4,51958.099999997765,"Sink
Cucumber
Table
Traffic Lights
Guinness
Fruit
ATM
Xmas Tree","Cow
Drum Kit
Light Bulb
Chair
American Football
Fan"
sub_105,schema_6_0,62270.800000000745,"Presents
Pumpkin
Kiwi
Payphone
Flower
Shovel","Squirrel
Bike Wheel
Cloud
Bee
Stairs
Jeans"
sub_106,schema_6_0,64745.70000000298,"cake, escalator, sink, bed, basketball, plug","table, onion, steering wheel, bookcase, pumpkin, no smoking sign"
sub_106,schema_2_2,45389.29999999702,"bath, flip flop, handle, playing card","bus, map, tv, doughnut, tap, no parking sign"
sub_106,schema_4_2,63619.09999999404,"sink, cucumber, bench, traffic light, beer, tomatoes","cow, drum, bulb, chair, ball, fan"
sub_106,schema_4_4,46579.40000000596,"present, pumpkin, kiwi, pump, rose, spade, crisps, mug","squirrel, wheel, cloud, wasp, stairs, jeans"
sub_107,schema_2_2,76141.89999997616,"Cupcake, escalator, water fountain, bed, ","table, onion, steering wheel, shelves, pumpkin, no smoking sign"
sub_107,schema_4_2,69976,"bath, sandal, door handle, card, mirror, curtain","school bus, world map, tv, doughnut, tap, sign"
sub_107,schema_4_4,66019.10000002384,"sink, cucumber, picnic table, stop lights, coca-cola, tomatoes, ATM, christmas tree","cow, drums, light, rocking chair, football, ceiling fan"
sub_107,schema_6_0,43554.40000009537,"Present, pumpkin, kiwi, phone, rose, shovel","squirrel, wheel, cloud, bee , stairs, jeans"
sub_108,schema_2_2,33212.59999999963,Cupcake escalator drinking fountain bed,Table onion steering wheel bookshelf pumpkin no smoking sign
sub_108,schema_4_2,25856.60000000149,Bath flip-flop door handle ace wing mirror curtain,School bus map TV doughnut sink no parking sign
sub_108,schema_4_4,79115.60000000149,Sync cucumber bench traffic lights pint tomatoes ATM Christmas tree,Cow drum set bulb chair ball ceiling fan
sub_108,schema_6_0,36110.09999999963,gift pumpkin kiwi phone rose hoe,squirrel wheel cloud wasp stairs jeans
sub_109,schema_4_2,70859,"cupcake, escalator, drawer, bed, basketball, socket","table, onion, steering wheel, shelfs, pumpkin, no smoking"
sub_109,schema_4_4,50998.800000190735,"Bathtub, slipper, door handle, card, wing mirror, curtain, chair, salt","school bus, map, tv, donut, tap, no parking"
sub_109,schema_6_0,65604.20000004768,"sink, cucumber, bench, traffic light, beer, fruit","cow, drum kit, light bulb, chair, rugby ball, fan"
sub_109,schema_2_2,61592.59999990463,"present, pumpkin, kiwi, telephone","squirrel, wheel, cloud, bee, stairs, jeans"
sub_110,schema_6_0,70456.80000000075,"cake, escalator, fountain, bed, ball, socket, ","table, onion, wheel, shelf, pumpkin, sign"
sub_110,schema_2_2,37985.5,"bath, slipper, handle, card","bus, map, TV, doughnut, tap, sign"
sub_110,schema_4_2,39842.09999999963,"sink, cucumber, bench, light, beer, tomato","cow, drums, bulb, chair, rugby ball, fan"
sub_110,schema_4_4,34717.10000000149,"present, pumpkin, kiwi, phone, rose, spade, crisp, flask","squirrel, wheel, cloud, bee, stairs, jeans"
sub_111,schema_4_2,73347,"Cupcake, escalator, gold box, bed, basketball, plug socket","Table, onion slice, wheel, shelves, small pumpkin, no smoking sign"
sub_111,schema_4_4,81573.69999980927,"Bath, flip flops, door handle, ace of spades, car window, curtains, chair, salt","American school bus, map, computer monitor, donut, taps, P no go sign"
sub_111,schema_6_0,50269.799999952316,"Sink, cucumber, bench, traffic lights, guiness, tomatoes","cow, drums, lightbulb, chair, rugby ball, ceiling fan"
sub_111,schema_2_2,38949.10000014305,"Present, pumpkin, kiwi, petrol tank","Squirrel, wheel, cloud, bee, stairs, jeans"
sub_112,schema_4_4,91166.7000002861,"cupcake, escalator, sink, bed, basketball, plug socket, pasta, shower head","table, onion, steering wheel, shelves, pumpkin, no smoking sign"
sub_112,schema_6_0,73278.39999961853,"bath, flipflop, door handle, ace of diamonds, wing mirror, curtain","school bus, world map, monitor, donut, tap, no parking sign"
sub_112,schema_2_2,43973.800000190735,"sink, cucumber, bench, traffic lights","cow, drunk kit, light bulb, rocking chair, american football, ceiling fan"
sub_112,schema_4_2,48037.5,"present, pumpkin, kiwi, phone, rose, spade","squirrel, wheel, cloud, bee, stairs, jeans"
sub_113,schema_4_4,66142,"Cake, escalator, sink, bed, ball, socket, pasta, shower head","table, onion, wheel, bookcase, pumpkin, no smoking sign"
sub_113,schema_6_0,71080,"bath, flip flop, handle, card, car mirror, curtain","bus, map, tv, doughnut, taps, no parking sign"
sub_113,schema_2_2,76322.80000000005,"sink, cucumber, table, lights","cow, drums, bulb, rocking chair, rugby ball, ceiling light"
sub_113,schema_4_2,51973.10000000009,"present, pumpkin, kiwi, phone, rose, spade","squirrel, wheel, cloud, wasp, stairs, jeans"
sub_114,schema_4_4,141775.2999997139,"cupcake, escalator, sink thing, bed, basketball, plug socket, pasta, shower head","table, onion slice, steering wheel, bookcase, pumpkin, no smoking sign"
sub_114,schema_6_0,115471.89999961853,"bath, sandal, door handle, ace card, wing mirror, curtain","bus, map of world, tv, doughnut, taps, no parking sign"
sub_114,schema_2_2,89876.19999980927,"sink, cucumber, picnic table, traffic lights","cow, drums, bulb, chair, American football, fan"
sub_114,schema_4_2,97213,"present, pumpkin, kiwi?, public payphone, flower, shovel","squirrel, bicycle hweel, cloud, bee, staircase, jeans"
sub_115,schema_4_4,95578.59999990463,"cupcake, escalators, music box, bed, basket ball, plug, pasta, shower","table, onion, wheel, bookshelf, pumpkin, sign"
sub_115,schema_6_0,89352,"bathtub, flip flop, door handle, card, mirror, curtain","bus, map, tv, doughnut, faucet, sign"
sub_115,schema_2_2,37923.7999997139,"sink, cucumber, bench, traffic lights","cow, drums, bulb, chair, rugby ball, fan"
sub_115,schema_4_2,52699.89999961853,"present, pumpkin, kiwi, telephone, flower, shovel","squirrel, wheel, cloud, wasp, stairs, trousers"
sub_116,schema_4_4,65496.29999999888,"cupcake
escalator
drinking fountain
bed
basketball
socket
pasta
showerhead","table 
onion
steering wheel
book case
pumpkin
no smoking sign"
sub_116,schema_6_0,99495.70000000112,"bathtub
flipflop
handle
ace
wingmirror
curtain","bus
map
monitor
donut
tap
no parking sign"
sub_116,schema_2_2,121055.5,"sink
cucumber
picnic bench
traffic lights","cow
drum kit
bulb
chair
football
fan"
sub_116,schema_4_2,63025.20000000112,"present
carved pumpkin
kiwi
telephone
rose
shovel","squirrel
wheel
cloud
bee
stairs
jeans"
sub_117,schema_6_0,74984.10000000149,"Cake, escalator, box, bed, basketball, socket","Table, onion, steeringwheel, bookcase, pumpkin, no smoking"
sub_117,schema_2_2,34765,"bath, flipflop, handle, ace","bus, map, tv, donut, tap, no park"
sub_117,schema_4_2,67855.90000000224,"Sink, Cucumber, picnic, lights, Guinness tomatoes","cow, drums, light, chair, NFL, fan"
sub_117,schema_4_4,55748.5,"present, pumpkin, kiwim phone, rose, spade, wrap, mug",",squirrel, wheel, cloud, wasp, stairs, jeans"
sub_118,schema_2_2,97880,"cupcake, escalator, water fountain, bed","table, onion, wheel, bookshelf, pumpkin, sign"
sub_118,schema_4_2,77508.89999999851,"bath, slipper, handle, card, mirror, curtain","bus, map, screen, doughnut, tap, sign"
sub_118,schema_4_4,94649.40000000224,"sink, cucumber, picnin bench, traffic lights, pint, tomatoes, ATM, Christmas tree","cow, drums, lightbulb, rocking chair, football, ventilator"
sub_118,schema_6_0,53002.89999999851,"gift, Halloween pumpkin, kiwi, phone, rose, spade","squirrel, wheel, cloud, bee, stairs, jeans"
sub_119,schema_4_2,64778,"Cupcake, escalator, sink, bed, basketball, electric plug","Table, onion, steering wheel, shelf, pumpkin, no smoking sign"
sub_119,schema_4_4,52666.10000000149,"Bath, flip flop, door handle, ace, wing mirror, curtain, chair, salt","School bus, map, TV, donut, tap, no parking sign"
sub_119,schema_6_0,46591.39999999851,"Sink, cucumber, picnic bench, traffic light, beer, tomatoes","Cow, drumkit, bulb, rocking chair, rugby ball, ceiling fan"
sub_119,schema_2_2,28135.300000000745,"Present, pumpkin, kiwi, phone","Squirrel, wheel, cloud, bee, staircase, jeans"
sub_120,schema_2_2,79255.69999999925,"cupcake, escalator, fountain, bed","table, onion, wheel, shelf, pumpkin, sign"
sub_120,schema_4_2,61580.900000002235,"Bath, sandel, handle, card, mirror, curtain","bus, map, monitor, doughnut, faucet, sign"
sub_120,schema_4_4,70204.39999999851,"sink, cucumber, bench, lights, pint, tomato, atm, tree","cow, drums, bulb, chair, football, fan"
sub_120,schema_6_0,57411.699999999255,"present, pumpkin, kiwi, phone, rose, shovel","squirrel, wheel, cloud, bee, stairs, jeans"
sub_121,schema_4_2,102798.59999999404,"cake, escaltor, fountain bed basketball socket ",table onion wheel shelf pumpkin    sign
sub_121,schema_4_4,46935.19999998808,bath flipflop doorhandle card mirror curtain chair salt,bus map tv doughnut tap sign
sub_121,schema_6_0,39999.29999999702,sink cucumber bench lights beer tomato,cow drums light bulb chair football fan
sub_121,schema_2_2,28322.59999999404,present pumpkin kiwi phone,squirrel wheel cloud wasp stairs jeans
sub_122,schema_6_0,52378,"Cake, stairs, sink, bed, ball, socket,"," table, onion, steering wheel, shelf, pumpkin, sign"
sub_122,schema_2_2,57036,"bath, sandal, handle, card","bus, map, tv, donut, tap, sign"
sub_122,schema_4_2,135164,"sink, cucumber, bench, lights, pint, tomatoes","cow, drums, lightbulb, chair, ball, fan"
sub_122,schema_4_4,158876,"gift, pumpkin, kiwi, phone, rose, spade, crisp, flask","squirrel, wheel, cloud, bee, stairs, jeans"
sub_123,schema_4_4,142086,"Cupcake, escalator, water fountain, bed, basketball, sockets, pasta, showerhead","Coffee table, red onion, steering wheel, bookshelf, pumpkin, no smoking sign"
sub_123,schema_6_0,81763.5,"Bathtub, flip flop, door handle, ace playing card, wing mirror, curtain","School bus, map, TV, doughnut, tap, no parking sign (at a guess, as I don't drive!)"
sub_123,schema_2_2,44281.20000001788,"sink, cucumber, table, traffic lighs","model cow, drum set, lightbulb, rocking chair, american football, ceiling fan"
sub_123,schema_4_2,64239.30000001192,"present, carved pumpkin, kiwi fruit, telephone box, pink rose, shovel","squirrel, bike wheel, cloud, bee or wasp, metal stairs, jeans"
sub_124,schema_2_2,78032.5,"cupcake, escalator, sink, bed","table, red onion, steering wheel, bookcase, pumpkin, no smoking sign"
sub_124,schema_4_2,67251.20000001788,"bath, flip flop, door handle, ace of diamonds card, wing mirror, curtain","school bus, world map, tv, donut, faucet, no parking sign"
sub_124,schema_4_4,91125.69999998808,"sink, cucumber, bench, traffic lights, pint, tomatoes, ATM, Christmas tree","cow, drumkit, light bulb, chair, rugby ball, fan"
sub_124,schema_6_0,74802.39999997616,"present, pumpkin, kiwi, payphone, rose, spade","squirrel, bicycle wheel, cloud, bee, stairs, jeans"
sub_125,schema_6_0,75958.5,"cupcake 
escalator 
water fountain
 bed 
basketball 
outlet ","coffee table 
onion
steering wheel
bookshelf 
pumpkin
no smoking sign "
sub_125,schema_2_2,107708.80000001192,"bathtub
flip flop 
door hadnyl 
ace of diamonds/ card","school bus 
world map 
monitor 
glazed doughnut
sink
no parking sign "
sub_125,schema_4_2,57377.80000001192,"sink 
cucumber 
bench 
traffic light 
pint glass 
tomatoes ","cow 
drumset 
light bulb 
rocking chair 
football 
fan "
sub_125,schema_4_4,98912.10000002384,"present 
carved pumpkin
kiwi
payphone
rose
shovel
chip
flask ","squirrel 
bike tire 
cloud
bee 
stair
jeans"
sub_126,schema_6_0,61477.39999985695,"Cupcake, elevator, CD player, bed, basketball, plug socket.","Table, onion, steering wheel, book shelf, pumpkin, no smoking sign. "
sub_126,schema_2_2,50967,"Bath, flip flop, door handle, card. ","School bus, map of the world, television, donut, tap, no parking sign. "
sub_126,schema_4_2,103004.69999980927,"Sink, cucumber, picnic bench, traffic lights, pint of beer, cherry tomatoes. ","Cow, drum set, light bulk, rocking chair, rugby ball, ceiling fan."
sub_126,schema_4_4,54513,"Present, pumpkin. kiwki, flower, spade, wrap, jug.","Squirrel, bike wheel, cloud, wasp, stair case, pair of jeans. "
sub_127,schema_2_2,36507,"cupcake, elevator, box, bed","table, onion, wheel, bookcase, pumpkin, sign"
sub_127,schema_4_2,33563,"bath, slipper, handle, card, side mirror, curtains","bus, map, tv, donut, tap, sign"
sub_127,schema_4_4,85870,"sink, cucumber, bench and table, lights, beer, tomatoes, atm, christmas tree","cow, drumms, light bulb, chair, ball, fan"
sub_127,schema_6_0,542530,"gift, pumpkin, kiwi, telephone, rose, spade","squirell, wheel, cloud, bee, staris, jeans"
sub_128,schema_4_4,118729,"Cup cake, elevator stairs, record player, bed, basketball, plug socket, pasta, showerhead","Table, onion, steering wheel, bookcase, pumpkin, no smoking sign"
sub_128,schema_6_0,47117.79999998212,"bath, flip flop, door handle, card, wing mirror, curtain","School bus, map, monitor, donut, taps, no parking sign"
sub_128,schema_2_2,39680.30000001192,"Sink, cucumber, picnic table, traffic lights","Cow, drum kit, light bulb, chair, rugby ball, ceiling fan"
sub_128,schema_4_2,65532.30000001192,"Present, halloween pumpkin, kiwi, phone, rose, shovel","Squirrel, bike wheel, cloud, wasp, stairs, jeans"
sub_129,schema_6_0,70916,"Table
Onion 
Steering Wheel 
Shelves
Pumpkin 
Sign","Table
Onion 
Steering Wheel 
Shelves
Pumpkin 
Sign"
sub_129,schema_2_2,40393.20000001788,"bus
map
TV 
Doughnut 
tap
sign","bus
map
TV 
Doughnut 
tap
sign"
sub_129,schema_4_2,36853.89999997616,"cow
drums 
bulb
chair 
ball
fan","cow
drums 
bulb
chair 
ball
fan"
sub_129,schema_4_4,30337.5,"squirrel 
wheel
cloud
bee
stairs
Jeans","squirrel 
wheel
cloud
bee
stairs
Jeans"
sub_130,schema_6_0,111257.40000000596,cake stairs sink bed ball socket,table onion wheel shelf pumpkin sign
sub_130,schema_2_2,50259.89999999106,bath shoe handle card,bus map tv donut taps sign
sub_130,schema_4_2,59431.90000000596,sink cucumber bench lights glass fruit,cow drums bulb chair ball fan
sub_130,schema_4_4,88534.20000000298,gift pumpkin kiwi phone rose shovel crisp jug,squirrel wheel cloud wasp stairs jeans 
sub_131,schema_2_2,98839.7000002861,"Cake, escaltor, sink, bed","table, onion, steering wheel, cabinet, pumpkin, sign"
sub_131,schema_4_2,44992.89999961853,"Bath, sandal, handle, card, mirror, curtain","Bus, map, tv, donut, tap, sign"
sub_131,schema_4_4,69571.09999990463,"sink, cucumber, bench, traffic light, drink, tomato, ATM, Christmas tree","Cow, drum kit, lightbulb, chair, football, fan"
sub_131,schema_6_0,49848.2999997139,"Gift, Pumpkin, Kiwi, Phone, Rose, Shovel","Squirrel, Wheel, Cloud, Bee, Stairs, Jeans"
sub_132,schema_4_4,153442.19999980927,"Cupcake
Escalator
music player
bed
basketball
switch
pasta
shower","table
onion
steering wheel
shelf
pumpkin
sign"
sub_132,schema_6_0,99515.40000009537,"bathtub
sandal
door knob
playing card
car mirror
curtain","bus
map
tv
donut
tap
sign"
sub_132,schema_2_2,89447.20000004768,"sink
cucumber
table
traffic lights","cow
drums
light bulb
rocking chair
American football
ceiling fan"
sub_132,schema_4_2,75307.10000014305,"gift
pumpkin
kiwi fruit
gas station
rose
shovel","squirrel
bike wheel
cloud
bee
stairs
jeans"
sub_133,schema_6_0,54333.60000000149,"bun, esculator, till, bed, ball, outlet","table, onion, wheel, bookcase, pumpkin, sign"
sub_133,schema_2_2,99636.29999999702,"drawer, flipflop, handle, card","bus, map, TV, donut, tap, sign"
sub_133,schema_4_2,62663.5,"sink, cucumber, bench, lights, pint, tomatoes","cow, drum, bulb, chair, American football, fan"
sub_133,schema_4_4,105339.60000000149,"present, pumpkin, kiwi, phone, rose, shovel, crisp, mug","squirrel, wheel, cloud, wasp, stairs, jeans"
sub_134,schema_4_2,84687.10000002384,"Cupcake
Escalator
Water Fountain
Bed
Basketball
Plug","Table
Onion
Steering Wheel
Shelves
Pumpkin
No Smoking Sign"
sub_134,schema_4_4,96048.59999996424,"Bathtub
Flip Flop
Door Handle
Ace of Diamonds
Wing mirror
Curtain
Foldable Chair
Salt Shaker","School Bus
World Map
TV
Donut
Sink
No Parking Sign"
sub_134,schema_6_0,86773.89999997616,"Sink
Cucumber
Bench
Traffic Light
Guiness
Cherry Tomatoes","Cow
Drum Kit
Lightbulb
Rocking Chair
American Football
Ceiling Fan"
sub_134,schema_2_2,52764.69999998808,"Present
Carved Pumpkin
Kiwi
Telephone
","Squirrel
Tire
Cloud
Wasp
Stairs
Jeans"
sub_135,schema_6_0,53459.79999998212,-,"table, onion, steering wheel, shelves, pumpkin, sign"
sub_135,schema_2_2,59174.80000001192,i dont remember,"bus, map, tv, doughnut, tap, parking sign"
sub_135,schema_4_2,87368.20000001788,not sure,"cow, drum, lightbulb, chair, rugby ball, ceiling fan"
sub_135,schema_4_4,39013.59999999404,nt sure ,"squirrel, wheel, cloud, wasp/bee, stairs, trousers"
sub_136,schema_4_2,52735.40000000596,"Cupcake, Escalator, Sink, Bed, Basketball, Socket","Table, Onion, Steering Wheel, Bookcase, Pumpkin, No Smoking Sign"
sub_136,schema_4_4,46844.5,"Bath, Flip Flop, Handle, Card, Wing Mirror, Curtain, Chair, Salt Shaker","Bus, Map, TV, Doughnut, Faucet, No Parking Sign"
sub_136,schema_6_0,31571.399999976158,"Sink, Cucumber, Bench, Traffic Light, Beer, Tomato","Cow, Drums, Bulb, Rocking Chair, American Football, Fan Light"
sub_136,schema_2_2,28293,"Present, Pumpkin, Kiwi, Phone","Squirrel, Wheel, Cloud, Wasp, Stairs, Jeans"
sub_137,schema_4_4,118272,"Table, Onion, Wheel, Cabinet, Pumpkin, No smoking sign","Table, Onion, Wheel, Cabinet, Pumpkin, No smoking sign "
sub_137,schema_6_0,48083,"Bus, Map, TV, Doughnut,Tap, No parking sign","Bus, Map, TV, Doughnut,Tap, No parking sign"
sub_137,schema_2_2,27018.90000000596,"Cow, Drums, Light bulb, chair, Rugby ball, Fan","Cow, Drums, Light bulb, chair, Rugby ball, Fan"
sub_137,schema_4_2,96328.10000000149,"Squirre, tyre, cloud, wasp, stairs, jeans ","Squirre, tyre, cloud, wasp, stairs, jeans "
sub_138,schema_6_0,147177,"cupcake, escalator, sink, bed, basketball, plug socket","table, onion, steering wheel, bookcase, pumpkin, no smoking sign"
sub_138,schema_2_2,53512,"bath, flip flop, door handle, playing card","bus, map, TV, doughnut, tap, no parking sign"
sub_138,schema_4_2,56230,"sink, cucumber, bench, lights, pint, tomatoes","cow, drums, lightbulb, chair, american football, fan"
sub_138,schema_4_4,70283,"present, pumpkin, kiwi, phone, flower, spade, dorito, flask","squirrel, wheel, cloud, bee, stairs, jeans"
sub_139,schema_4_2,59445.800000000745,"cupcake, escalator, drinking fountain, basketball, power socket","table, red onion, steering wheel, bookcase, pumpkin, no smoking sign"
sub_139,schema_4_4,32218.400000000373,"sink, show, door handle, card, mirror, curtain, seat, salt","bus, map, tv, doughnut, tap, no parking sign"
sub_139,schema_6_0,42029.700000000186,"sink, cucumber, table, traffic light, drink, tomatoes","cow, drum, lightbulb, chair, football, fan"
sub_139,schema_2_2,35491.79999999888,"present, pumpkin, kiwi fruit, phone","squirrel, wheel, cloud, bee, stairs, jeans"
sub_140,schema_4_4,75765.60000002384,cupcake escalator case bed basketball socket macaroni showerhead ,table onion steering wheel bookcase pumpkin no smoking sign
sub_140,schema_6_0,52857.5,bath flipflop doorknob card wing mirror curtain,school bus map TV donut tap no parking sign
sub_140,schema_2_2,42590.10000002384,sink cucumber picnic bench traffic lights,cow drumkit lightbulb rocking chair football fan
sub_140,schema_4_2,36630,present pumpkin kiwi payphone rose shovel,squirrel tyre cloud bee stairs jeans
